"Curso_ID","Grado","Sección","Jornada","Día","Hora","Materia","Docente_ID"
"1","1","A","Mañana","Lunes","07:00–07:45","Ingles","ESP-ING-07"
"1","1","A","Mañana","Lunes","07:45–08:30","Ciencias Sociales","FLEX-03"
"1","1","A","Mañana","Lunes","08:30–09:15","Ciencias Naturales","CIENCIAS-02"
"1","1","A","Mañana","Lunes","09:45–10:30","Espanol",""
"1","1","A","Mañana","Lunes","10:30–11:15","Educacion Fisica","EDF-ETICA-05"
"1","1","A","Mañana","Lunes","11:15–12:00","Matematicas","MAT-FIS-01"
"1","1","A","Mañana","Martes","07:00–07:45","Espanol","ESP-ING-03"
"1","1","A","Mañana","Martes","07:45–08:30","Ingles","ESP-ING-03"
"1","1","A","Mañana","Martes","08:30–09:15","Ciencias Sociales","FLEX-02"
"1","1","A","Mañana","Martes","09:45–10:30","Ciencias Naturales","CIENCIAS-02"
"1","1","A","Mañana","Martes","10:30–11:15","Artistica","FLEX-03"
"1","1","A","Mañana","Martes","11:15–12:00","Matematicas","MAT-FIS-03"
"1","1","A","Mañana","Miercoles","07:00–07:45","Ciencias Naturales","CIENCIAS-03"
"1","1","A","Mañana","Miercoles","07:45–08:30","Informatica","FLEX-04"
"1","1","A","Mañana","Miercoles","08:30–09:15","Matematicas","MAT-FIS-02"
"1","1","A","Mañana","Miercoles","09:45–10:30","Espanol","ESP-ING-04"
"1","1","A","Mañana","Miercoles","10:30–11:15","Artistica","FLEX-05"
"1","1","A","Mañana","Miercoles","11:15–12:00","Educacion Fisica","EDF-ETICA-01"
"1","1","A","Mañana","Jueves","07:00–07:45","Ingles","ESP-ING-05"
"1","1","A","Mañana","Jueves","07:45–08:30","Ciencias Naturales","CIENCIAS-01"
"1","1","A","Mañana","Jueves","08:30–09:15","Ciencias Sociales","FLEX-02"
"1","1","A","Mañana","Jueves","09:45–10:30","Etica","EDF-ETICA-01"
"1","1","A","Mañana","Jueves","10:30–11:15","Matematicas","MAT-FIS-05"
"1","1","A","Mañana","Jueves","11:15–12:00","Espanol","ESP-ING-07"
"1","1","A","Mañana","Viernes","07:00–07:45","Etica","EDF-ETICA-01"
"1","1","A","Mañana","Viernes","07:45–08:30","Matematicas","MAT-FIS-06"
"1","1","A","Mañana","Viernes","08:30–09:15","Educacion Fisica","EDF-ETICA-01"
"1","1","A","Mañana","Viernes","09:45–10:30","Espanol","ESP-ING-07"
"1","1","A","Mañana","Viernes","10:30–11:15","Informatica","FLEX-04"
"1","1","A","Mañana","Viernes","11:15–12:00","Artistica","FLEX-01"
"2","1","B","Mañana","Lunes","07:00–07:45","Informatica","FLEX-05"
"2","1","B","Mañana","Lunes","07:45–08:30","Ingles","ESP-ING-04"
"2","1","B","Mañana","Lunes","08:30–09:15","Etica","EDF-ETICA-03"
"2","1","B","Mañana","Lunes","09:45–10:30","Educacion Fisica","EDF-ETICA-03"
"2","1","B","Mañana","Lunes","10:30–11:15","Matematicas","MAT-FIS-06"
"2","1","B","Mañana","Lunes","11:15–12:00","Espanol","ESP-ING-06"
"2","1","B","Mañana","Martes","07:00–07:45","Matematicas","MAT-FIS-02"
"2","1","B","Mañana","Martes","07:45–08:30","Espanol","ESP-ING-02"
"2","1","B","Mañana","Martes","08:30–09:15","Ciencias Naturales","CIENCIAS-02"
"2","1","B","Mañana","Martes","09:45–10:30","Ingles","ESP-ING-02"
"2","1","B","Mañana","Martes","10:30–11:15","Artistica","FLEX-02"
"2","1","B","Mañana","Martes","11:15–12:00","Ciencias Sociales","FLEX-07"
"2","1","B","Mañana","Miercoles","07:00–07:45","Espanol","ESP-ING-06"
"2","1","B","Mañana","Miercoles","07:45–08:30","Ciencias Naturales","CIENCIAS-04"
"2","1","B","Mañana","Miercoles","08:30–09:15","Ingles","ESP-ING-05"
"2","1","B","Mañana","Miercoles","09:45–10:30","Matematicas","MAT-FIS-06"
"2","1","B","Mañana","Miercoles","10:30–11:15","Artistica","FLEX-07"
"2","1","B","Mañana","Miercoles","11:15–12:00","Ciencias Sociales","FLEX-07"
"2","1","B","Mañana","Jueves","07:00–07:45","Etica","EDF-ETICA-01"
"2","1","B","Mañana","Jueves","07:45–08:30","Ciencias Naturales","CIENCIAS-03"
"2","1","B","Mañana","Jueves","08:30–09:15","Educacion Fisica","EDF-ETICA-01"
"2","1","B","Mañana","Jueves","09:45–10:30","Matematicas","MAT-FIS-01"
"2","1","B","Mañana","Jueves","10:30–11:15","Espanol","ESP-ING-04"
"2","1","B","Mañana","Jueves","11:15–12:00","Informatica","FLEX-01"
"2","1","B","Mañana","Viernes","07:00–07:45","Ciencias Sociales","FLEX-02"
"2","1","B","Mañana","Viernes","07:45–08:30","Ciencias Naturales","CIENCIAS-04"
"2","1","B","Mañana","Viernes","08:30–09:15","Educacion Fisica","EDF-ETICA-03"
"2","1","B","Mañana","Viernes","09:45–10:30","Artistica","FLEX-03"
"2","1","B","Mañana","Viernes","10:30–11:15","Matematicas","MAT-FIS-04"
"2","1","B","Mañana","Viernes","11:15–12:00","Espanol","ESP-ING-04"
"3","1","C","Mañana","Lunes","07:00–07:45","Espanol","ESP-ING-02"
"3","1","C","Mañana","Lunes","07:45–08:30","Educacion Fisica","EDF-ETICA-03"
"3","1","C","Mañana","Lunes","08:30–09:15","Matematicas","MAT-FIS-03"
"3","1","C","Mañana","Lunes","09:45–10:30","Ingles","ESP-ING-04"
"3","1","C","Mañana","Lunes","10:30–11:15","Ciencias Naturales","CIENCIAS-01"
"3","1","C","Mañana","Lunes","11:15–12:00","Artistica","FLEX-01"
"3","1","C","Mañana","Martes","07:00–07:45","Espanol","ESP-ING-04"
"3","1","C","Mañana","Martes","07:45–08:30","Ciencias Sociales","FLEX-05"
"3","1","C","Mañana","Martes","08:30–09:15","Ingles","ESP-ING-04"
"3","1","C","Mañana","Martes","09:45–10:30","Matematicas","MAT-FIS-03"
"3","1","C","Mañana","Martes","10:30–11:15","Etica","EDF-ETICA-02"
"3","1","C","Mañana","Martes","11:15–12:00","Educacion Fisica","EDF-ETICA-04"
"3","1","C","Mañana","Miercoles","07:00–07:45","Ciencias Naturales","CIENCIAS-01"
"3","1","C","Mañana","Miercoles","07:45–08:30","Ciencias Sociales","FLEX-01"
"3","1","C","Mañana","Miercoles","08:30–09:15","Matematicas","MAT-FIS-06"
"3","1","C","Mañana","Miercoles","09:45–10:30","Informatica","FLEX-01"
"3","1","C","Mañana","Miercoles","10:30–11:15","Espanol","ESP-ING-01"
"3","1","C","Mañana","Miercoles","11:15–12:00","Artistica","FLEX-01"
"3","1","C","Mañana","Jueves","07:00–07:45","Ciencias Naturales","CIENCIAS-01"
"3","1","C","Mañana","Jueves","07:45–08:30","Ciencias Sociales","FLEX-04"
"3","1","C","Mañana","Jueves","08:30–09:15","Artistica","FLEX-07"
"3","1","C","Mañana","Jueves","09:45–10:30","Ingles","ESP-ING-04"
"3","1","C","Mañana","Jueves","10:30–11:15","Espanol","ESP-ING-07"
"3","1","C","Mañana","Jueves","11:15–12:00","Matematicas","MAT-FIS-04"
"3","1","C","Mañana","Viernes","07:00–07:45","Informatica","FLEX-05"
"3","1","C","Mañana","Viernes","07:45–08:30","Espanol","ESP-ING-02"
"3","1","C","Mañana","Viernes","08:30–09:15","Ciencias Naturales","CIENCIAS-02"
"3","1","C","Mañana","Viernes","09:45–10:30","Etica","EDF-ETICA-05"
"3","1","C","Mañana","Viernes","10:30–11:15","Educacion Fisica","EDF-ETICA-05"
"3","1","C","Mañana","Viernes","11:15–12:00","Matematicas","MAT-FIS-01"
"4","1","D","Tarde","Lunes","13:00–13:45","Ciencias Naturales","CIENCIAS-04"
"4","1","D","Tarde","Lunes","13:45–14:30","Matematicas","MAT-FIS-04"
"4","1","D","Tarde","Lunes","14:30–15:15","Etica","EDF-ETICA-05"
"4","1","D","Tarde","Lunes","15:45–16:30","Educacion Fisica","EDF-ETICA-04"
"4","1","D","Tarde","Lunes","16:30–17:15","Espanol","ESP-ING-02"
"4","1","D","Tarde","Lunes","17:15–18:00","Ingles","ESP-ING-06"
"4","1","D","Tarde","Martes","13:00–13:45","Matematicas","MAT-FIS-06"
"4","1","D","Tarde","Martes","13:45–14:30","Informatica","FLEX-07"
"4","1","D","Tarde","Martes","14:30–15:15","Ciencias Sociales","FLEX-01"
"4","1","D","Tarde","Martes","15:45–16:30","Ingles","ESP-ING-06"
"4","1","D","Tarde","Martes","16:30–17:15","Espanol","ESP-ING-05"
"4","1","D","Tarde","Martes","17:15–18:00","Artistica","FLEX-01"
"4","1","D","Tarde","Miercoles","13:00–13:45","Matematicas","MAT-FIS-01"
"4","1","D","Tarde","Miercoles","13:45–14:30","Ciencias Sociales","FLEX-04"
"4","1","D","Tarde","Miercoles","14:30–15:15","Espanol","ESP-ING-04"
"4","1","D","Tarde","Miercoles","15:45–16:30","Ingles","ESP-ING-07"
"4","1","D","Tarde","Miercoles","16:30–17:15","Educacion Fisica","EDF-ETICA-01"
"4","1","D","Tarde","Miercoles","17:15–18:00","Ciencias Naturales","CIENCIAS-05"
"4","1","D","Tarde","Jueves","13:00–13:45","Matematicas","MAT-FIS-02"
"4","1","D","Tarde","Jueves","13:45–14:30","Informatica","FLEX-01"
"4","1","D","Tarde","Jueves","14:30–15:15","Ciencias Naturales","CIENCIAS-02"
"4","1","D","Tarde","Jueves","15:45–16:30","Etica","EDF-ETICA-02"
"4","1","D","Tarde","Jueves","16:30–17:15","Espanol","ESP-ING-01"
"4","1","D","Tarde","Jueves","17:15–18:00","Artistica","FLEX-05"
"4","1","D","Tarde","Viernes","13:00–13:45","Ciencias Naturales","CIENCIAS-01"
"4","1","D","Tarde","Viernes","13:45–14:30","Artistica","FLEX-01"
"4","1","D","Tarde","Viernes","14:30–15:15","Educacion Fisica","EDF-ETICA-04"
"4","1","D","Tarde","Viernes","15:45–16:30","Matematicas","MAT-FIS-05"
"4","1","D","Tarde","Viernes","16:30–17:15","Espanol","ESP-ING-01"
"4","1","D","Tarde","Viernes","17:15–18:00","Ciencias Sociales","FLEX-02"
"5","1","E","Tarde","Lunes","13:00–13:45","Educacion Fisica","EDF-ETICA-01"
"5","1","E","Tarde","Lunes","13:45–14:30","Ciencias Sociales","FLEX-03"
"5","1","E","Tarde","Lunes","14:30–15:15","Espanol","ESP-ING-03"
"5","1","E","Tarde","Lunes","15:45–16:30","Ingles","ESP-ING-07"
"5","1","E","Tarde","Lunes","16:30–17:15","Ciencias Naturales","CIENCIAS-04"
"5","1","E","Tarde","Lunes","17:15–18:00","Matematicas","MAT-FIS-06"
"5","1","E","Tarde","Martes","13:00–13:45","Ciencias Sociales","FLEX-02"
"5","1","E","Tarde","Martes","13:45–14:30","Ingles","ESP-ING-02"
"5","1","E","Tarde","Martes","14:30–15:15","Ciencias Naturales","CIENCIAS-05"
"5","1","E","Tarde","Martes","15:45–16:30","Artistica","FLEX-07"
"5","1","E","Tarde","Martes","16:30–17:15","Espanol","ESP-ING-06"
"5","1","E","Tarde","Martes","17:15–18:00","Matematicas","MAT-FIS-03"
"5","1","E","Tarde","Miercoles","13:00–13:45","Ciencias Naturales","CIENCIAS-01"
"5","1","E","Tarde","Miercoles","13:45–14:30","Matematicas","MAT-FIS-05"
"5","1","E","Tarde","Miercoles","14:30–15:15","Informatica","FLEX-03"
"5","1","E","Tarde","Miercoles","15:45–16:30","Artistica","FLEX-07"
"5","1","E","Tarde","Miercoles","16:30–17:15","Espanol","ESP-ING-07"
"5","1","E","Tarde","Miercoles","17:15–18:00","Educacion Fisica","EDF-ETICA-03"
"5","1","E","Tarde","Jueves","13:00–13:45","Etica","EDF-ETICA-05"
"5","1","E","Tarde","Jueves","13:45–14:30","Matematicas","MAT-FIS-03"
"5","1","E","Tarde","Jueves","14:30–15:15","Artistica","FLEX-01"
"5","1","E","Tarde","Jueves","15:45–16:30","Informatica","FLEX-03"
"5","1","E","Tarde","Jueves","16:30–17:15","Espanol","ESP-ING-03"
"5","1","E","Tarde","Jueves","17:15–18:00","Ciencias Naturales","CIENCIAS-03"
"5","1","E","Tarde","Viernes","13:00–13:45","Ciencias Sociales","FLEX-03"
"5","1","E","Tarde","Viernes","13:45–14:30","Matematicas","MAT-FIS-06"
"5","1","E","Tarde","Viernes","14:30–15:15","Etica","EDF-ETICA-02"
"5","1","E","Tarde","Viernes","15:45–16:30","Educacion Fisica","EDF-ETICA-05"
"5","1","E","Tarde","Viernes","16:30–17:15","Ingles","ESP-ING-06"
"5","1","E","Tarde","Viernes","17:15–18:00","Espanol","ESP-ING-03"
"6","2","A","Mañana","Lunes","07:00–07:45","Ingles","ESP-ING-01"
"6","2","A","Mañana","Lunes","07:45–08:30","Matematicas","MAT-FIS-02"
"6","2","A","Mañana","Lunes","08:30–09:15","Ciencias Sociales","FLEX-02"
"6","2","A","Mañana","Lunes","09:45–10:30","Educacion Fisica","EDF-ETICA-02"
"6","2","A","Mañana","Lunes","10:30–11:15","Ciencias Naturales","CIENCIAS-05"
"6","2","A","Mañana","Lunes","11:15–12:00","Espanol","ESP-ING-04"
"6","2","A","Mañana","Martes","07:00–07:45","Ciencias Naturales","CIENCIAS-04"
"6","2","A","Mañana","Martes","07:45–08:30","Ciencias Sociales","FLEX-01"
"6","2","A","Mañana","Martes","08:30–09:15","Espanol","ESP-ING-07"
"6","2","A","Mañana","Martes","09:45–10:30","Ingles","ESP-ING-07"
"6","2","A","Mañana","Martes","10:30–11:15","Matematicas","MAT-FIS-04"
"6","2","A","Mañana","Martes","11:15–12:00","Artistica","FLEX-05"
"6","2","A","Mañana","Miercoles","07:00–07:45","Educacion Fisica","EDF-ETICA-02"
"6","2","A","Mañana","Miercoles","07:45–08:30","Ciencias Naturales","CIENCIAS-03"
"6","2","A","Mañana","Miercoles","08:30–09:15","Artistica","FLEX-05"
"6","2","A","Mañana","Miercoles","09:45–10:30","Matematicas","MAT-FIS-05"
"6","2","A","Mañana","Miercoles","10:30–11:15","Espanol","ESP-ING-04"
"6","2","A","Mañana","Miercoles","11:15–12:00","Informatica","FLEX-05"
"6","2","A","Mañana","Jueves","07:00–07:45","Matematicas","MAT-FIS-05"
"6","2","A","Mañana","Jueves","07:45–08:30","Espanol","ESP-ING-05"
"6","2","A","Mañana","Jueves","08:30–09:15","Etica","EDF-ETICA-03"
"6","2","A","Mañana","Jueves","09:45–10:30","Ciencias Sociales","FLEX-03"
"6","2","A","Mañana","Jueves","10:30–11:15","Ciencias Naturales","CIENCIAS-02"
"6","2","A","Mañana","Jueves","11:15–12:00","Ingles","ESP-ING-06"
"6","2","A","Mañana","Viernes","07:00–07:45","Artistica","FLEX-06"
"6","2","A","Mañana","Viernes","07:45–08:30","Etica",""
"6","2","A","Mañana","Viernes","08:30–09:15","Educacion Fisica",""
"6","2","A","Mañana","Viernes","09:45–10:30","Espanol","ESP-ING-04"
"6","2","A","Mañana","Viernes","10:30–11:15","Matematicas","MAT-FIS-01"
"6","2","A","Mañana","Viernes","11:15–12:00","Informatica",""
"7","2","B","Mañana","Lunes","07:00–07:45","Educacion Fisica","EDF-ETICA-03"
"7","2","B","Mañana","Lunes","07:45–08:30","Informatica","FLEX-01"
"7","2","B","Mañana","Lunes","08:30–09:15","Espanol","ESP-ING-03"
"7","2","B","Mañana","Lunes","09:45–10:30","Ingles","ESP-ING-03"
"7","2","B","Mañana","Lunes","10:30–11:15","Matematicas","MAT-FIS-05"
"7","2","B","Mañana","Lunes","11:15–12:00","Etica","EDF-ETICA-02"
"7","2","B","Mañana","Martes","07:00–07:45","Artistica","FLEX-06"
"7","2","B","Mañana","Martes","07:45–08:30","Ingles","ESP-ING-05"
"7","2","B","Mañana","Martes","08:30–09:15","Matematicas","MAT-FIS-04"
"7","2","B","Mañana","Martes","09:45–10:30","Ciencias Naturales","CIENCIAS-03"
"7","2","B","Mañana","Martes","10:30–11:15","Espanol","ESP-ING-07"
"7","2","B","Mañana","Martes","11:15–12:00","Ciencias Sociales","FLEX-04"
"7","2","B","Mañana","Miercoles","07:00–07:45","Artistica","FLEX-05"
"7","2","B","Mañana","Miercoles","07:45–08:30","Espanol","ESP-ING-04"
"7","2","B","Mañana","Miercoles","08:30–09:15","Ciencias Naturales","CIENCIAS-03"
"7","2","B","Mañana","Miercoles","09:45–10:30","Ciencias Sociales","FLEX-05"
"7","2","B","Mañana","Miercoles","10:30–11:15","Matematicas","MAT-FIS-01"
"7","2","B","Mañana","Miercoles","11:15–12:00","Ingles","ESP-ING-01"
"7","2","B","Mañana","Jueves","07:00–07:45","Educacion Fisica","EDF-ETICA-02"
"7","2","B","Mañana","Jueves","07:45–08:30","Etica","EDF-ETICA-03"
"7","2","B","Mañana","Jueves","08:30–09:15","Matematicas","MAT-FIS-02"
"7","2","B","Mañana","Jueves","09:45–10:30","Espanol","ESP-ING-02"
"7","2","B","Mañana","Jueves","10:30–11:15","Ciencias Naturales","CIENCIAS-05"
"7","2","B","Mañana","Jueves","11:15–12:00","Informatica","FLEX-03"
"7","2","B","Mañana","Viernes","07:00–07:45","Espanol","ESP-ING-03"
"7","2","B","Mañana","Viernes","07:45–08:30","Educacion Fisica","EDF-ETICA-04"
"7","2","B","Mañana","Viernes","08:30–09:15","Ciencias Sociales","FLEX-03"
"7","2","B","Mañana","Viernes","09:45–10:30","Artistica","FLEX-05"
"7","2","B","Mañana","Viernes","10:30–11:15","Ciencias Naturales","CIENCIAS-03"
"7","2","B","Mañana","Viernes","11:15–12:00","Matematicas","MAT-FIS-06"
"8","2","C","Mañana","Lunes","07:00–07:45","Educacion Fisica","EDF-ETICA-05"
"8","2","C","Mañana","Lunes","07:45–08:30","Matematicas","MAT-FIS-05"
"8","2","C","Mañana","Lunes","08:30–09:15","Ingles","ESP-ING-06"
"8","2","C","Mañana","Lunes","09:45–10:30","Espanol","ESP-ING-06"
"8","2","C","Mañana","Lunes","10:30–11:15","Artistica","FLEX-01"
"8","2","C","Mañana","Lunes","11:15–12:00","Ciencias Naturales","CIENCIAS-04"
"8","2","C","Mañana","Martes","07:00–07:45","Espanol","ESP-ING-02"
"8","2","C","Mañana","Martes","07:45–08:30","Matematicas","MAT-FIS-02"
"8","2","C","Mañana","Martes","08:30–09:15","Etica","EDF-ETICA-03"
"8","2","C","Mañana","Martes","09:45–10:30","Educacion Fisica","EDF-ETICA-05"
"8","2","C","Mañana","Martes","10:30–11:15","Ingles","ESP-ING-04"
"8","2","C","Mañana","Martes","11:15–12:00","Ciencias Sociales","FLEX-01"
"8","2","C","Mañana","Miercoles","07:00–07:45","Espanol","ESP-ING-07"
"8","2","C","Mañana","Miercoles","07:45–08:30","Informatica",""
"8","2","C","Mañana","Miercoles","08:30–09:15","Matematicas","MAT-FIS-04"
"8","2","C","Mañana","Miercoles","09:45–10:30","Ciencias Sociales","FLEX-07"
"8","2","C","Mañana","Miercoles","10:30–11:15","Ciencias Naturales","CIENCIAS-05"
"8","2","C","Mañana","Miercoles","11:15–12:00","Artistica",""
"8","2","C","Mañana","Jueves","07:00–07:45","Ciencias Sociales","FLEX-06"
"8","2","C","Mañana","Jueves","07:45–08:30","Artistica","FLEX-03"
"8","2","C","Mañana","Jueves","08:30–09:15","Espanol","ESP-ING-04"
"8","2","C","Mañana","Jueves","09:45–10:30","Ingles","ESP-ING-03"
"8","2","C","Mañana","Jueves","10:30–11:15","Matematicas","MAT-FIS-03"
"8","2","C","Mañana","Jueves","11:15–12:00","Ciencias Naturales","CIENCIAS-04"
"8","2","C","Mañana","Viernes","07:00–07:45","Etica","EDF-ETICA-03"
"8","2","C","Mañana","Viernes","07:45–08:30","Matematicas","MAT-FIS-01"
"8","2","C","Mañana","Viernes","08:30–09:15","Espanol","ESP-ING-05"
"8","2","C","Mañana","Viernes","09:45–10:30","Informatica","FLEX-01"
"8","2","C","Mañana","Viernes","10:30–11:15","Ciencias Naturales","CIENCIAS-01"
"8","2","C","Mañana","Viernes","11:15–12:00","Educacion Fisica","EDF-ETICA-02"
"9","2","D","Tarde","Lunes","13:00–13:45","Matematicas","MAT-FIS-02"
"9","2","D","Tarde","Lunes","13:45–14:30","Espanol","ESP-ING-06"
"9","2","D","Tarde","Lunes","14:30–15:15","Ciencias Naturales","CIENCIAS-04"
"9","2","D","Tarde","Lunes","15:45–16:30","Etica","EDF-ETICA-03"
"9","2","D","Tarde","Lunes","16:30–17:15","Educacion Fisica","EDF-ETICA-05"
"9","2","D","Tarde","Lunes","17:15–18:00","Ingles","ESP-ING-05"
"9","2","D","Tarde","Martes","13:00–13:45","Espanol","ESP-ING-07"
"9","2","D","Tarde","Martes","13:45–14:30","Matematicas","MAT-FIS-06"
"9","2","D","Tarde","Martes","14:30–15:15","Ingles","ESP-ING-05"
"9","2","D","Tarde","Martes","15:45–16:30","Informatica","FLEX-05"
"9","2","D","Tarde","Martes","16:30–17:15","Artistica","FLEX-05"
"9","2","D","Tarde","Martes","17:15–18:00","Ciencias Sociales","FLEX-02"
"9","2","D","Tarde","Miercoles","13:00–13:45","Ciencias Naturales","CIENCIAS-03"
"9","2","D","Tarde","Miercoles","13:45–14:30","Ciencias Sociales","FLEX-06"
"9","2","D","Tarde","Miercoles","14:30–15:15","Ingles","ESP-ING-06"
"9","2","D","Tarde","Miercoles","15:45–16:30","Espanol","ESP-ING-03"
"9","2","D","Tarde","Miercoles","16:30–17:15","Educacion Fisica","EDF-ETICA-02"
"9","2","D","Tarde","Miercoles","17:15–18:00","Matematicas","MAT-FIS-02"
"9","2","D","Tarde","Jueves","13:00–13:45","Ciencias Naturales","CIENCIAS-01"
"9","2","D","Tarde","Jueves","13:45–14:30","Etica","EDF-ETICA-05"
"9","2","D","Tarde","Jueves","14:30–15:15","Matematicas","MAT-FIS-03"
"9","2","D","Tarde","Jueves","15:45–16:30","Artistica","FLEX-06"
"9","2","D","Tarde","Jueves","16:30–17:15","Informatica","FLEX-07"
"9","2","D","Tarde","Jueves","17:15–18:00","Espanol","ESP-ING-04"
"9","2","D","Tarde","Viernes","13:00–13:45","Matematicas","MAT-FIS-05"
"9","2","D","Tarde","Viernes","13:45–14:30","Espanol","ESP-ING-07"
"9","2","D","Tarde","Viernes","14:30–15:15","Ciencias Sociales","FLEX-04"
"9","2","D","Tarde","Viernes","15:45–16:30","Ciencias Naturales","CIENCIAS-05"
"9","2","D","Tarde","Viernes","16:30–17:15","Artistica","FLEX-06"
"9","2","D","Tarde","Viernes","17:15–18:00","Educacion Fisica","EDF-ETICA-03"
"10","2","E","Tarde","Lunes","13:00–13:45","Educacion Fisica","EDF-ETICA-03"
"10","2","E","Tarde","Lunes","13:45–14:30","Ingles","ESP-ING-01"
"10","2","E","Tarde","Lunes","14:30–15:15","Matematicas","MAT-FIS-02"
"10","2","E","Tarde","Lunes","15:45–16:30","Ciencias Sociales","FLEX-04"
"10","2","E","Tarde","Lunes","16:30–17:15","Espanol","ESP-ING-04"
"10","2","E","Tarde","Lunes","17:15–18:00","Ciencias Naturales","CIENCIAS-02"
"10","2","E","Tarde","Martes","13:00–13:45","Espanol","ESP-ING-03"
"10","2","E","Tarde","Martes","13:45–14:30","Matematicas","MAT-FIS-02"
"10","2","E","Tarde","Martes","14:30–15:15","Ingles","ESP-ING-02"
"10","2","E","Tarde","Martes","15:45–16:30","Ciencias Naturales","CIENCIAS-03"
"10","2","E","Tarde","Martes","16:30–17:15","Ciencias Sociales","FLEX-02"
"10","2","E","Tarde","Martes","17:15–18:00","Artistica","FLEX-05"
"10","2","E","Tarde","Miercoles","13:00–13:45","Ciencias Naturales","CIENCIAS-05"
"10","2","E","Tarde","Miercoles","13:45–14:30","Educacion Fisica","EDF-ETICA-05"
"10","2","E","Tarde","Miercoles","14:30–15:15","Informatica","FLEX-02"
"10","2","E","Tarde","Miercoles","15:45–16:30","Matematicas","MAT-FIS-06"
"10","2","E","Tarde","Miercoles","16:30–17:15","Artistica","FLEX-06"
"10","2","E","Tarde","Miercoles","17:15–18:00","Espanol","ESP-ING-03"
"10","2","E","Tarde","Jueves","13:00–13:45","Artistica","FLEX-07"
"10","2","E","Tarde","Jueves","13:45–14:30","Ciencias Naturales","CIENCIAS-01"
"10","2","E","Tarde","Jueves","14:30–15:15","Etica","EDF-ETICA-05"
"10","2","E","Tarde","Jueves","15:45–16:30","Informatica","FLEX-02"
"10","2","E","Tarde","Jueves","16:30–17:15","Matematicas","MAT-FIS-02"
"10","2","E","Tarde","Jueves","17:15–18:00","Espanol","ESP-ING-01"
"10","2","E","Tarde","Viernes","13:00–13:45","Ingles","ESP-ING-04"
"10","2","E","Tarde","Viernes","13:45–14:30","Ciencias Sociales","FLEX-02"
"10","2","E","Tarde","Viernes","14:30–15:15","Matematicas","MAT-FIS-05"
"10","2","E","Tarde","Viernes","15:45–16:30","Etica","EDF-ETICA-02"
"10","2","E","Tarde","Viernes","16:30–17:15","Educacion Fisica","EDF-ETICA-05"
"10","2","E","Tarde","Viernes","17:15–18:00","Espanol","ESP-ING-07"
"11","3","A","Mañana","Lunes","07:00–07:45","Matematicas","MAT-FIS-05"
"11","3","A","Mañana","Lunes","07:45–08:30","Ingles","ESP-ING-01"
"11","3","A","Mañana","Lunes","08:30–09:15","Ciencias Naturales","CIENCIAS-04"
"11","3","A","Mañana","Lunes","09:45–10:30","Educacion Fisica","EDF-ETICA-01"
"11","3","A","Mañana","Lunes","10:30–11:15","Ciencias Sociales","FLEX-05"
"11","3","A","Mañana","Lunes","11:15–12:00","Espanol","ESP-ING-02"
"11","3","A","Mañana","Martes","07:00–07:45","Ciencias Sociales","FLEX-07"
"11","3","A","Mañana","Martes","07:45–08:30","Espanol","ESP-ING-07"
"11","3","A","Mañana","Martes","08:30–09:15","Artistica","FLEX-05"
"11","3","A","Mañana","Martes","09:45–10:30","Ingles",""
"11","3","A","Mañana","Martes","10:30–11:15","Matematicas","MAT-FIS-05"
"11","3","A","Mañana","Martes","11:15–12:00","Ciencias Naturales","CIENCIAS-04"
"11","3","A","Mañana","Miercoles","07:00–07:45","Matematicas","MAT-FIS-02"
"11","3","A","Mañana","Miercoles","07:45–08:30","Educacion Fisica","EDF-ETICA-05"
"11","3","A","Mañana","Miercoles","08:30–09:15","Espanol","ESP-ING-01"
"11","3","A","Mañana","Miercoles","09:45–10:30","Artistica","FLEX-02"
"11","3","A","Mañana","Miercoles","10:30–11:15","Informatica","FLEX-03"
"11","3","A","Mañana","Miercoles","11:15–12:00","Ciencias Naturales","CIENCIAS-01"
"11","3","A","Mañana","Jueves","07:00–07:45","Espanol","ESP-ING-04"
"11","3","A","Mañana","Jueves","07:45–08:30","Ciencias Naturales","CIENCIAS-05"
"11","3","A","Mañana","Jueves","08:30–09:15","Matematicas","MAT-FIS-04"
"11","3","A","Mañana","Jueves","09:45–10:30","Ingles","ESP-ING-05"
"11","3","A","Mañana","Jueves","10:30–11:15","Ciencias Sociales","FLEX-04"
"11","3","A","Mañana","Jueves","11:15–12:00","Etica","EDF-ETICA-01"
"11","3","A","Mañana","Viernes","07:00–07:45","Espanol","ESP-ING-01"
"11","3","A","Mañana","Viernes","07:45–08:30","Informatica","FLEX-03"
"11","3","A","Mañana","Viernes","08:30–09:15","Artistica","FLEX-01"
"11","3","A","Mañana","Viernes","09:45–10:30","Educacion Fisica","EDF-ETICA-02"
"11","3","A","Mañana","Viernes","10:30–11:15","Etica","EDF-ETICA-02"
"11","3","A","Mañana","Viernes","11:15–12:00","Matematicas","MAT-FIS-04"
"12","3","B","Mañana","Lunes","07:00–07:45","Ingles","ESP-ING-04"
"12","3","B","Mañana","Lunes","07:45–08:30","Informatica","FLEX-02"
"12","3","B","Mañana","Lunes","08:30–09:15","Educacion Fisica","EDF-ETICA-04"
"12","3","B","Mañana","Lunes","09:45–10:30","Etica","EDF-ETICA-04"
"12","3","B","Mañana","Lunes","10:30–11:15","Matematicas","MAT-FIS-01"
"12","3","B","Mañana","Lunes","11:15–12:00","Espanol","ESP-ING-07"
"12","3","B","Mañana","Martes","07:00–07:45","Ciencias Naturales","CIENCIAS-01"
"12","3","B","Mañana","Martes","07:45–08:30","Matematicas","MAT-FIS-01"
"12","3","B","Mañana","Martes","08:30–09:15","Artistica","FLEX-01"
"12","3","B","Mañana","Martes","09:45–10:30","Ciencias Sociales","FLEX-06"
"12","3","B","Mañana","Martes","10:30–11:15","Ingles","ESP-ING-01"
"12","3","B","Mañana","Martes","11:15–12:00","Espanol","ESP-ING-01"
"12","3","B","Mañana","Miercoles","07:00–07:45","Espanol","ESP-ING-04"
"12","3","B","Mañana","Miercoles","07:45–08:30","Matematicas","MAT-FIS-02"
"12","3","B","Mañana","Miercoles","08:30–09:15","Ciencias Naturales","CIENCIAS-02"
"12","3","B","Mañana","Miercoles","09:45–10:30","Artistica","FLEX-03"
"12","3","B","Mañana","Miercoles","10:30–11:15","Ingles","ESP-ING-03"
"12","3","B","Mañana","Miercoles","11:15–12:00","Ciencias Sociales","FLEX-03"
"12","3","B","Mañana","Jueves","07:00–07:45","Ciencias Naturales","CIENCIAS-05"
"12","3","B","Mañana","Jueves","07:45–08:30","Matematicas","MAT-FIS-02"
"12","3","B","Mañana","Jueves","08:30–09:15","Espanol","ESP-ING-02"
"12","3","B","Mañana","Jueves","09:45–10:30","Informatica","FLEX-07"
"12","3","B","Mañana","Jueves","10:30–11:15","Etica","EDF-ETICA-02"
"12","3","B","Mañana","Jueves","11:15–12:00","Educacion Fisica","EDF-ETICA-05"
"12","3","B","Mañana","Viernes","07:00–07:45","Educacion Fisica",""
"12","3","B","Mañana","Viernes","07:45–08:30","Ciencias Sociales","FLEX-07"
"12","3","B","Mañana","Viernes","08:30–09:15","Artistica","FLEX-07"
"12","3","B","Mañana","Viernes","09:45–10:30","Matematicas","MAT-FIS-05"
"12","3","B","Mañana","Viernes","10:30–11:15","Espanol","ESP-ING-05"
"12","3","B","Mañana","Viernes","11:15–12:00","Ciencias Naturales","CIENCIAS-03"
"13","3","C","Mañana","Lunes","07:00–07:45","Matematicas","MAT-FIS-06"
"13","3","C","Mañana","Lunes","07:45–08:30","Espanol","ESP-ING-02"
"13","3","C","Mañana","Lunes","08:30–09:15","Ingles","ESP-ING-01"
"13","3","C","Mañana","Lunes","09:45–10:30","Artistica","FLEX-03"
"13","3","C","Mañana","Lunes","10:30–11:15","Educacion Fisica","EDF-ETICA-01"
"13","3","C","Mañana","Lunes","11:15–12:00","Ciencias Naturales","CIENCIAS-02"
"13","3","C","Mañana","Martes","07:00–07:45","Ingles","ESP-ING-06"
"13","3","C","Mañana","Martes","07:45–08:30","Matematicas","MAT-FIS-05"
"13","3","C","Mañana","Martes","08:30–09:15","Ciencias Sociales","FLEX-04"
"13","3","C","Mañana","Martes","09:45–10:30","Espanol","ESP-ING-06"
"13","3","C","Mañana","Martes","10:30–11:15","Educacion Fisica","EDF-ETICA-03"
"13","3","C","Mañana","Martes","11:15–12:00","Etica","EDF-ETICA-05"
"13","3","C","Mañana","Miercoles","07:00–07:45","Ciencias Sociales","FLEX-03"
"13","3","C","Mañana","Miercoles","07:45–08:30","Espanol","ESP-ING-03"
"13","3","C","Mañana","Miercoles","08:30–09:15","Informatica","FLEX-03"
"13","3","C","Mañana","Miercoles","09:45–10:30","Artistica","FLEX-04"
"13","3","C","Mañana","Miercoles","10:30–11:15","Ciencias Naturales","CIENCIAS-03"
"13","3","C","Mañana","Miercoles","11:15–12:00","Matematicas","MAT-FIS-05"
"13","3","C","Mañana","Jueves","07:00–07:45","Artistica","FLEX-01"
"13","3","C","Mañana","Jueves","07:45–08:30","Matematicas","MAT-FIS-05"
"13","3","C","Mañana","Jueves","08:30–09:15","Espanol","ESP-ING-06"
"13","3","C","Mañana","Jueves","09:45–10:30","Ingles","ESP-ING-06"
"13","3","C","Mañana","Jueves","10:30–11:15","Ciencias Sociales","FLEX-06"
"13","3","C","Mañana","Jueves","11:15–12:00","Ciencias Naturales","CIENCIAS-05"
"13","3","C","Mañana","Viernes","07:00–07:45","Matematicas","MAT-FIS-05"
"13","3","C","Mañana","Viernes","07:45–08:30","Ciencias Naturales","CIENCIAS-03"
"13","3","C","Mañana","Viernes","08:30–09:15","Espanol","ESP-ING-04"
"13","3","C","Mañana","Viernes","09:45–10:30","Educacion Fisica","EDF-ETICA-01"
"13","3","C","Mañana","Viernes","10:30–11:15","Etica","EDF-ETICA-01"
"13","3","C","Mañana","Viernes","11:15–12:00","Informatica","FLEX-02"
"14","3","D","Tarde","Lunes","13:00–13:45","Ingles","ESP-ING-04"
"14","3","D","Tarde","Lunes","13:45–14:30","Educacion Fisica","EDF-ETICA-04"
"14","3","D","Tarde","Lunes","14:30–15:15","Etica","EDF-ETICA-02"
"14","3","D","Tarde","Lunes","15:45–16:30","Ciencias Naturales","CIENCIAS-04"
"14","3","D","Tarde","Lunes","16:30–17:15","Matematicas","MAT-FIS-05"
"14","3","D","Tarde","Lunes","17:15–18:00","Espanol","ESP-ING-01"
"14","3","D","Tarde","Martes","13:00–13:45","Ingles","ESP-ING-01"
"14","3","D","Tarde","Martes","13:45–14:30","Ciencias Sociales","FLEX-02"
"14","3","D","Tarde","Martes","14:30–15:15","Matematicas","MAT-FIS-05"
"14","3","D","Tarde","Martes","15:45–16:30","Artistica","FLEX-01"
"14","3","D","Tarde","Martes","16:30–17:15","Informatica","FLEX-01"
"14","3","D","Tarde","Martes","17:15–18:00","Espanol","ESP-ING-01"
"14","3","D","Tarde","Miercoles","13:00–13:45","Ingles","ESP-ING-01"
"14","3","D","Tarde","Miercoles","13:45–14:30","Ciencias Sociales","FLEX-03"
"14","3","D","Tarde","Miercoles","14:30–15:15","Espanol","ESP-ING-03"
"14","3","D","Tarde","Miercoles","15:45–16:30","Educacion Fisica","EDF-ETICA-04"
"14","3","D","Tarde","Miercoles","16:30–17:15","Ciencias Naturales","CIENCIAS-02"
"14","3","D","Tarde","Miercoles","17:15–18:00","Matematicas","MAT-FIS-06"
"14","3","D","Tarde","Jueves","13:00–13:45","Etica","EDF-ETICA-03"
"14","3","D","Tarde","Jueves","13:45–14:30","Ciencias Naturales","CIENCIAS-04"
"14","3","D","Tarde","Jueves","14:30–15:15","Informatica","FLEX-04"
"14","3","D","Tarde","Jueves","15:45–16:30","Matematicas","MAT-FIS-06"
"14","3","D","Tarde","Jueves","16:30–17:15","Espanol","ESP-ING-07"
"14","3","D","Tarde","Jueves","17:15–18:00","Artistica","FLEX-04"
"14","3","D","Tarde","Viernes","13:00–13:45","Matematicas","MAT-FIS-04"
"14","3","D","Tarde","Viernes","13:45–14:30","Ciencias Sociales","FLEX-07"
"14","3","D","Tarde","Viernes","14:30–15:15","Artistica","FLEX-02"
"14","3","D","Tarde","Viernes","15:45–16:30","Espanol","ESP-ING-03"
"14","3","D","Tarde","Viernes","16:30–17:15","Ciencias Naturales","CIENCIAS-01"
"14","3","D","Tarde","Viernes","17:15–18:00","Educacion Fisica","EDF-ETICA-02"
"15","3","E","Tarde","Lunes","13:00–13:45","Espanol","ESP-ING-01"
"15","3","E","Tarde","Lunes","13:45–14:30","Matematicas","MAT-FIS-03"
"15","3","E","Tarde","Lunes","14:30–15:15","Ingles","ESP-ING-02"
"15","3","E","Tarde","Lunes","15:45–16:30","Ciencias Naturales","CIENCIAS-02"
"15","3","E","Tarde","Lunes","16:30–17:15","Ciencias Sociales","FLEX-01"
"15","3","E","Tarde","Lunes","17:15–18:00","Educacion Fisica","EDF-ETICA-03"
"15","3","E","Tarde","Martes","13:00–13:45","Artistica","FLEX-04"
"15","3","E","Tarde","Martes","13:45–14:30","Espanol","ESP-ING-05"
"15","3","E","Tarde","Martes","14:30–15:15","Matematicas","MAT-FIS-06"
"15","3","E","Tarde","Martes","15:45–16:30","Ingles","ESP-ING-02"
"15","3","E","Tarde","Martes","16:30–17:15","Ciencias Naturales","CIENCIAS-05"
"15","3","E","Tarde","Martes","17:15–18:00","Ciencias Sociales","FLEX-06"
"15","3","E","Tarde","Miercoles","13:00–13:45","Matematicas","MAT-FIS-02"
"15","3","E","Tarde","Miercoles","13:45–14:30","Ciencias Naturales","CIENCIAS-05"
"15","3","E","Tarde","Miercoles","14:30–15:15","Educacion Fisica","EDF-ETICA-03"
"15","3","E","Tarde","Miercoles","15:45–16:30","Espanol","ESP-ING-02"
"15","3","E","Tarde","Miercoles","16:30–17:15","Artistica","FLEX-02"
"15","3","E","Tarde","Miercoles","17:15–18:00","Informatica","FLEX-06"
"15","3","E","Tarde","Jueves","13:00–13:45","Matematicas","MAT-FIS-05"
"15","3","E","Tarde","Jueves","13:45–14:30","Espanol","ESP-ING-06"
"15","3","E","Tarde","Jueves","14:30–15:15","Artistica","FLEX-07"
"15","3","E","Tarde","Jueves","15:45–16:30","Etica","EDF-ETICA-03"
"15","3","E","Tarde","Jueves","16:30–17:15","Ciencias Naturales","CIENCIAS-05"
"15","3","E","Tarde","Jueves","17:15–18:00","Informatica","FLEX-07"
"15","3","E","Tarde","Viernes","13:00–13:45","Etica","EDF-ETICA-02"
"15","3","E","Tarde","Viernes","13:45–14:30","Educacion Fisica","EDF-ETICA-05"
"15","3","E","Tarde","Viernes","14:30–15:15","Ciencias Sociales","FLEX-01"
"15","3","E","Tarde","Viernes","15:45–16:30","Ingles","ESP-ING-02"
"15","3","E","Tarde","Viernes","16:30–17:15","Matematicas","MAT-FIS-06"
"15","3","E","Tarde","Viernes","17:15–18:00","Espanol","ESP-ING-04"
"16","4","A","Mañana","Lunes","07:00–07:45","Ciencias Sociales","FLEX-03"
"16","4","A","Mañana","Lunes","07:45–08:30","Matematicas","MAT-FIS-01"
"16","4","A","Mañana","Lunes","08:30–09:15","Educacion Fisica","EDF-ETICA-01"
"16","4","A","Mañana","Lunes","09:45–10:30","Ciencias Naturales","CIENCIAS-04"
"16","4","A","Mañana","Lunes","10:30–11:15","Ingles","ESP-ING-03"
"16","4","A","Mañana","Lunes","11:15–12:00","Espanol","ESP-ING-03"
"16","4","A","Mañana","Martes","07:00–07:45","Ciencias Sociales","FLEX-04"
"16","4","A","Mañana","Martes","07:45–08:30","Artistica","FLEX-04"
"16","4","A","Mañana","Martes","08:30–09:15","Espanol","ESP-ING-01"
"16","4","A","Mañana","Martes","09:45–10:30","Ingles","ESP-ING-01"
"16","4","A","Mañana","Martes","10:30–11:15","Matematicas","MAT-FIS-01"
"16","4","A","Mañana","Martes","11:15–12:00","Ciencias Naturales","CIENCIAS-01"
"16","4","A","Mañana","Miercoles","07:00–07:45","Artistica","FLEX-04"
"16","4","A","Mañana","Miercoles","07:45–08:30","Matematicas","MAT-FIS-03"
"16","4","A","Mañana","Miercoles","08:30–09:15","Informatica","FLEX-04"
"16","4","A","Mañana","Miercoles","09:45–10:30","Espanol","ESP-ING-03"
"16","4","A","Mañana","Miercoles","10:30–11:15","Educacion Fisica","EDF-ETICA-04"
"16","4","A","Mañana","Miercoles","11:15–12:00","Ciencias Naturales","CIENCIAS-02"
"16","4","A","Mañana","Jueves","07:00–07:45","Ciencias Naturales","CIENCIAS-04"
"16","4","A","Mañana","Jueves","07:45–08:30","Etica","EDF-ETICA-02"
"16","4","A","Mañana","Jueves","08:30–09:15","Matematicas","MAT-FIS-01"
"16","4","A","Mañana","Jueves","09:45–10:30","Ciencias Sociales","FLEX-06"
"16","4","A","Mañana","Jueves","10:30–11:15","Espanol","ESP-ING-03"
"16","4","A","Mañana","Jueves","11:15–12:00","Ingles","ESP-ING-02"
"16","4","A","Mañana","Viernes","07:00–07:45","Informatica","FLEX-01"
"16","4","A","Mañana","Viernes","07:45–08:30","Educacion Fisica","EDF-ETICA-02"
"16","4","A","Mañana","Viernes","08:30–09:15","Etica","EDF-ETICA-02"
"16","4","A","Mañana","Viernes","09:45–10:30","Espanol","ESP-ING-01"
"16","4","A","Mañana","Viernes","10:30–11:15","Matematicas","MAT-FIS-03"
"16","4","A","Mañana","Viernes","11:15–12:00","Artistica","FLEX-03"
"17","4","B","Mañana","Lunes","07:00–07:45","Etica","EDF-ETICA-02"
"17","4","B","Mañana","Lunes","07:45–08:30","Informatica","FLEX-07"
"17","4","B","Mañana","Lunes","08:30–09:15","Espanol","ESP-ING-02"
"17","4","B","Mañana","Lunes","09:45–10:30","Ingles","ESP-ING-02"
"17","4","B","Mañana","Lunes","10:30–11:15","Matematicas","MAT-FIS-04"
"17","4","B","Mañana","Lunes","11:15–12:00","Educacion Fisica","EDF-ETICA-01"
"17","4","B","Mañana","Martes","07:00–07:45","Ciencias Sociales","FLEX-05"
"17","4","B","Mañana","Martes","07:45–08:30","Ciencias Naturales","CIENCIAS-03"
"17","4","B","Mañana","Martes","08:30–09:15","Espanol","ESP-ING-05"
"17","4","B","Mañana","Martes","09:45–10:30","Ingles","ESP-ING-05"
"17","4","B","Mañana","Martes","10:30–11:15","Artistica","FLEX-04"
"17","4","B","Mañana","Martes","11:15–12:00","Matematicas","MAT-FIS-04"
"17","4","B","Mañana","Miercoles","07:00–07:45","Ciencias Sociales","FLEX-01"
"17","4","B","Mañana","Miercoles","07:45–08:30","Ingles","ESP-ING-01"
"17","4","B","Mañana","Miercoles","08:30–09:15","Artistica","FLEX-02"
"17","4","B","Mañana","Miercoles","09:45–10:30","Matematicas","MAT-FIS-03"
"17","4","B","Mañana","Miercoles","10:30–11:15","Ciencias Naturales","CIENCIAS-02"
"17","4","B","Mañana","Miercoles","11:15–12:00","Espanol","ESP-ING-05"
"17","4","B","Mañana","Jueves","07:00–07:45","Educacion Fisica","EDF-ETICA-04"
"17","4","B","Mañana","Jueves","07:45–08:30","Matematicas","MAT-FIS-06"
"17","4","B","Mañana","Jueves","08:30–09:15","Ciencias Naturales","CIENCIAS-05"
"17","4","B","Mañana","Jueves","09:45–10:30","Espanol","ESP-ING-07"
"17","4","B","Mañana","Jueves","10:30–11:15","Informatica","FLEX-07"
"17","4","B","Mañana","Jueves","11:15–12:00","Etica","EDF-ETICA-02"
"17","4","B","Mañana","Viernes","07:00–07:45","Ciencias Naturales","CIENCIAS-04"
"17","4","B","Mañana","Viernes","07:45–08:30","Educacion Fisica","EDF-ETICA-05"
"17","4","B","Mañana","Viernes","08:30–09:15","Ciencias Sociales","FLEX-05"
"17","4","B","Mañana","Viernes","09:45–10:30","Artistica","FLEX-07"
"17","4","B","Mañana","Viernes","10:30–11:15","Matematicas","MAT-FIS-06"
"17","4","B","Mañana","Viernes","11:15–12:00","Espanol","ESP-ING-06"
"18","4","C","Mañana","Lunes","07:00–07:45","Ciencias Naturales","CIENCIAS-05"
"18","4","C","Mañana","Lunes","07:45–08:30","Educacion Fisica","EDF-ETICA-01"
"18","4","C","Mañana","Lunes","08:30–09:15","Artistica","FLEX-01"
"18","4","C","Mañana","Lunes","09:45–10:30","Matematicas","MAT-FIS-06"
"18","4","C","Mañana","Lunes","10:30–11:15","Espanol","ESP-ING-02"
"18","4","C","Mañana","Lunes","11:15–12:00","Ingles","ESP-ING-01"
"18","4","C","Mañana","Martes","07:00–07:45","Etica","EDF-ETICA-05"
"18","4","C","Mañana","Martes","07:45–08:30","Educacion Fisica","EDF-ETICA-02"
"18","4","C","Mañana","Martes","08:30–09:15","Ciencias Sociales","FLEX-03"
"18","4","C","Mañana","Martes","09:45–10:30","Ingles","ESP-ING-04"
"18","4","C","Mañana","Martes","10:30–11:15","Matematicas","MAT-FIS-03"
"18","4","C","Mañana","Martes","11:15–12:00","Espanol","ESP-ING-05"
"18","4","C","Mañana","Miercoles","07:00–07:45","Informatica","FLEX-07"
"18","4","C","Mañana","Miercoles","07:45–08:30","Artistica","FLEX-07"
"18","4","C","Mañana","Miercoles","08:30–09:15","Ciencias Naturales","CIENCIAS-04"
"18","4","C","Mañana","Miercoles","09:45–10:30","Ciencias Sociales","FLEX-06"
"18","4","C","Mañana","Miercoles","10:30–11:15","Espanol","ESP-ING-06"
"18","4","C","Mañana","Miercoles","11:15–12:00","Matematicas","MAT-FIS-01"
"18","4","C","Mañana","Jueves","07:00–07:45","Artistica","FLEX-04"
"18","4","C","Mañana","Jueves","07:45–08:30","Ingles","ESP-ING-01"
"18","4","C","Mañana","Jueves","08:30–09:15","Ciencias Naturales","CIENCIAS-02"
"18","4","C","Mañana","Jueves","09:45–10:30","Espanol","ESP-ING-01"
"18","4","C","Mañana","Jueves","10:30–11:15","Matematicas","MAT-FIS-01"
"18","4","C","Mañana","Jueves","11:15–12:00","Ciencias Sociales","FLEX-02"
"18","4","C","Mañana","Viernes","07:00–07:45","Educacion Fisica","EDF-ETICA-05"
"18","4","C","Mañana","Viernes","07:45–08:30","Ciencias Naturales","CIENCIAS-01"
"18","4","C","Mañana","Viernes","08:30–09:15","Etica","EDF-ETICA-05"
"18","4","C","Mañana","Viernes","09:45–10:30","Matematicas","MAT-FIS-04"
"18","4","C","Mañana","Viernes","10:30–11:15","Espanol","ESP-ING-03"
"18","4","C","Mañana","Viernes","11:15–12:00","Informatica","FLEX-06"
"19","4","D","Tarde","Lunes","13:00–13:45","Ciencias Naturales","CIENCIAS-05"
"19","4","D","Tarde","Lunes","13:45–14:30","Matematicas","MAT-FIS-05"
"19","4","D","Tarde","Lunes","14:30–15:15","Espanol","ESP-ING-06"
"19","4","D","Tarde","Lunes","15:45–16:30","Ingles","ESP-ING-03"
"19","4","D","Tarde","Lunes","16:30–17:15","Educacion Fisica","EDF-ETICA-02"
"19","4","D","Tarde","Lunes","17:15–18:00","Etica","EDF-ETICA-05"
"19","4","D","Tarde","Martes","13:00–13:45","Espanol","ESP-ING-04"
"19","4","D","Tarde","Martes","13:45–14:30","Informatica","FLEX-03"
"19","4","D","Tarde","Martes","14:30–15:15","Artistica","FLEX-04"
"19","4","D","Tarde","Martes","15:45–16:30","Ingles","ESP-ING-03"
"19","4","D","Tarde","Martes","16:30–17:15","Matematicas","MAT-FIS-02"
"19","4","D","Tarde","Martes","17:15–18:00","Ciencias Sociales","FLEX-07"
"19","4","D","Tarde","Miercoles","13:00–13:45","Ciencias Naturales","CIENCIAS-02"
"19","4","D","Tarde","Miercoles","13:45–14:30","Educacion Fisica","EDF-ETICA-01"
"19","4","D","Tarde","Miercoles","14:30–15:15","Matematicas","MAT-FIS-04"
"19","4","D","Tarde","Miercoles","15:45–16:30","Espanol","ESP-ING-01"
"19","4","D","Tarde","Miercoles","16:30–17:15","Ingles","ESP-ING-01"
"19","4","D","Tarde","Miercoles","17:15–18:00","Ciencias Sociales","FLEX-05"
"19","4","D","Tarde","Jueves","13:00–13:45","Espanol","ESP-ING-02"
"19","4","D","Tarde","Jueves","13:45–14:30","Etica","EDF-ETICA-01"
"19","4","D","Tarde","Jueves","14:30–15:15","Ciencias Naturales","CIENCIAS-04"
"19","4","D","Tarde","Jueves","15:45–16:30","Matematicas","MAT-FIS-02"
"19","4","D","Tarde","Jueves","16:30–17:15","Artistica","FLEX-03"
"19","4","D","Tarde","Jueves","17:15–18:00","Informatica","FLEX-06"
"19","4","D","Tarde","Viernes","13:00–13:45","Matematicas","MAT-FIS-03"
"19","4","D","Tarde","Viernes","13:45–14:30","Ciencias Sociales","FLEX-05"
"19","4","D","Tarde","Viernes","14:30–15:15","Ciencias Naturales","CIENCIAS-02"
"19","4","D","Tarde","Viernes","15:45–16:30","Educacion Fisica","EDF-ETICA-01"
"19","4","D","Tarde","Viernes","16:30–17:15","Artistica","FLEX-04"
"19","4","D","Tarde","Viernes","17:15–18:00","Espanol","ESP-ING-05"
"20","4","E","Tarde","Lunes","13:00–13:45","Ciencias Naturales","CIENCIAS-03"
"20","4","E","Tarde","Lunes","13:45–14:30","Educacion Fisica","EDF-ETICA-01"
"20","4","E","Tarde","Lunes","14:30–15:15","Matematicas","MAT-FIS-06"
"20","4","E","Tarde","Lunes","15:45–16:30","Espanol","ESP-ING-06"
"20","4","E","Tarde","Lunes","16:30–17:15","Ingles","ESP-ING-07"
"20","4","E","Tarde","Lunes","17:15–18:00","Ciencias Sociales","FLEX-07"
"20","4","E","Tarde","Martes","13:00–13:45","Ciencias Naturales","CIENCIAS-01"
"20","4","E","Tarde","Martes","13:45–14:30","Ingles","ESP-ING-04"
"20","4","E","Tarde","Martes","14:30–15:15","Artistica","FLEX-03"
"20","4","E","Tarde","Martes","15:45–16:30","Espanol","ESP-ING-01"
"20","4","E","Tarde","Martes","16:30–17:15","Matematicas","MAT-FIS-01"
"20","4","E","Tarde","Martes","17:15–18:00","Ciencias Sociales","FLEX-04"
"20","4","E","Tarde","Miercoles","13:00–13:45","Informatica","FLEX-05"
"20","4","E","Tarde","Miercoles","13:45–14:30","Espanol","ESP-ING-05"
"20","4","E","Tarde","Miercoles","14:30–15:15","Educacion Fisica","EDF-ETICA-02"
"20","4","E","Tarde","Miercoles","15:45–16:30","Ciencias Naturales","CIENCIAS-04"
"20","4","E","Tarde","Miercoles","16:30–17:15","Matematicas","MAT-FIS-03"
"20","4","E","Tarde","Miercoles","17:15–18:00","Artistica","FLEX-04"
"20","4","E","Tarde","Jueves","13:00–13:45","Ciencias Naturales","CIENCIAS-02"
"20","4","E","Tarde","Jueves","13:45–14:30","Informatica","FLEX-02"
"20","4","E","Tarde","Jueves","14:30–15:15","Espanol","ESP-ING-03"
"20","4","E","Tarde","Jueves","15:45–16:30","Artistica","FLEX-01"
"20","4","E","Tarde","Jueves","16:30–17:15","Matematicas","MAT-FIS-06"
"20","4","E","Tarde","Jueves","17:15–18:00","Etica","EDF-ETICA-02"
"20","4","E","Tarde","Viernes","13:00–13:45","Espanol","ESP-ING-02"
"20","4","E","Tarde","Viernes","13:45–14:30","Ingles","ESP-ING-05"
"20","4","E","Tarde","Viernes","14:30–15:15","Ciencias Sociales","FLEX-07"
"20","4","E","Tarde","Viernes","15:45–16:30","Matematicas","MAT-FIS-03"
"20","4","E","Tarde","Viernes","16:30–17:15","Etica","EDF-ETICA-03"
"20","4","E","Tarde","Viernes","17:15–18:00","Educacion Fisica","EDF-ETICA-01"
"21","5","A","Mañana","Lunes","07:00–07:45","Espanol","ESP-ING-06"
"21","5","A","Mañana","Lunes","07:45–08:30","Ciencias Naturales","CIENCIAS-04"
"21","5","A","Mañana","Lunes","08:30–09:15","Ciencias Sociales","FLEX-05"
"21","5","A","Mañana","Lunes","09:45–10:30","Educacion Fisica","EDF-ETICA-05"
"21","5","A","Mañana","Lunes","10:30–11:15","Matematicas","MAT-FIS-02"
"21","5","A","Mañana","Lunes","11:15–12:00","Ingles",""
"21","5","A","Mañana","Martes","07:00–07:45","Ciencias Naturales","CIENCIAS-03"
"21","5","A","Mañana","Martes","07:45–08:30","Ingles","ESP-ING-04"
"21","5","A","Mañana","Martes","08:30–09:15","Matematicas","MAT-FIS-03"
"21","5","A","Mañana","Martes","09:45–10:30","Artistica","FLEX-01"
"21","5","A","Mañana","Martes","10:30–11:15","Espanol","ESP-ING-05"
"21","5","A","Mañana","Martes","11:15–12:00","Ciencias Sociales","FLEX-02"
"21","5","A","Mañana","Miercoles","07:00–07:45","Matematicas","MAT-FIS-01"
"21","5","A","Mañana","Miercoles","07:45–08:30","Ciencias Naturales","CIENCIAS-01"
"21","5","A","Mañana","Miercoles","08:30–09:15","Educacion Fisica","EDF-ETICA-03"
"21","5","A","Mañana","Miercoles","09:45–10:30","Espanol","ESP-ING-02"
"21","5","A","Mañana","Miercoles","10:30–11:15","Informatica","FLEX-02"
"21","5","A","Mañana","Miercoles","11:15–12:00","Artistica","FLEX-02"
"21","5","A","Mañana","Jueves","07:00–07:45","Ingles","ESP-ING-06"
"21","5","A","Mañana","Jueves","07:45–08:30","Etica","EDF-ETICA-05"
"21","5","A","Mañana","Jueves","08:30–09:15","Espanol","ESP-ING-07"
"21","5","A","Mañana","Jueves","09:45–10:30","Matematicas","MAT-FIS-06"
"21","5","A","Mañana","Jueves","10:30–11:15","Ciencias Naturales","CIENCIAS-03"
"21","5","A","Mañana","Jueves","11:15–12:00","Ciencias Sociales",""
"21","5","A","Mañana","Viernes","07:00–07:45","Artistica","FLEX-04"
"21","5","A","Mañana","Viernes","07:45–08:30","Matematicas","MAT-FIS-03"
"21","5","A","Mañana","Viernes","08:30–09:15","Informatica","FLEX-04"
"21","5","A","Mañana","Viernes","09:45–10:30","Educacion Fisica","EDF-ETICA-04"
"21","5","A","Mañana","Viernes","10:30–11:15","Etica","EDF-ETICA-04"
"21","5","A","Mañana","Viernes","11:15–12:00","Espanol","ESP-ING-05"
"22","5","B","Mañana","Lunes","07:00–07:45","Espanol","ESP-ING-05"
"22","5","B","Mañana","Lunes","07:45–08:30","Ingles","ESP-ING-05"
"22","5","B","Mañana","Lunes","08:30–09:15","Informatica","FLEX-04"
"22","5","B","Mañana","Lunes","09:45–10:30","Matematicas","MAT-FIS-03"
"22","5","B","Mañana","Lunes","10:30–11:15","Etica","EDF-ETICA-04"
"22","5","B","Mañana","Lunes","11:15–12:00","Educacion Fisica","EDF-ETICA-04"
"22","5","B","Mañana","Martes","07:00–07:45","Espanol","ESP-ING-05"
"22","5","B","Mañana","Martes","07:45–08:30","Matematicas","MAT-FIS-04"
"22","5","B","Mañana","Martes","08:30–09:15","Ciencias Naturales","CIENCIAS-03"
"22","5","B","Mañana","Martes","09:45–10:30","Artistica","FLEX-02"
"22","5","B","Mañana","Martes","10:30–11:15","Ingles","ESP-ING-06"
"22","5","B","Mañana","Martes","11:15–12:00","Ciencias Sociales","FLEX-03"
"22","5","B","Mañana","Miercoles","07:00–07:45","Ciencias Sociales","FLEX-02"
"22","5","B","Mañana","Miercoles","07:45–08:30","Ingles","ESP-ING-02"
"22","5","B","Mañana","Miercoles","08:30–09:15","Espanol","ESP-ING-02"
"22","5","B","Mañana","Miercoles","09:45–10:30","Ciencias Naturales","CIENCIAS-04"
"22","5","B","Mañana","Miercoles","10:30–11:15","Matematicas","MAT-FIS-06"
"22","5","B","Mañana","Miercoles","11:15–12:00","Artistica","FLEX-04"
"22","5","B","Mañana","Jueves","07:00–07:45","Etica","EDF-ETICA-03"
"22","5","B","Mañana","Jueves","07:45–08:30","Educacion Fisica","EDF-ETICA-04"
"22","5","B","Mañana","Jueves","08:30–09:15","Espanol","ESP-ING-05"
"22","5","B","Mañana","Jueves","09:45–10:30","Ciencias Naturales","CIENCIAS-03"
"22","5","B","Mañana","Jueves","10:30–11:15","Informatica","FLEX-05"
"22","5","B","Mañana","Jueves","11:15–12:00","Matematicas","MAT-FIS-05"
"22","5","B","Mañana","Viernes","07:00–07:45","Espanol","ESP-ING-02"
"22","5","B","Mañana","Viernes","07:45–08:30","Matematicas","MAT-FIS-02"
"22","5","B","Mañana","Viernes","08:30–09:15","Ciencias Naturales","CIENCIAS-01"
"22","5","B","Mañana","Viernes","09:45–10:30","Artistica","FLEX-04"
"22","5","B","Mañana","Viernes","10:30–11:15","Ciencias Sociales","FLEX-06"
"22","5","B","Mañana","Viernes","11:15–12:00","Educacion Fisica","EDF-ETICA-03"
"23","5","C","Mañana","Lunes","07:00–07:45","Educacion Fisica","EDF-ETICA-01"
"23","5","C","Mañana","Lunes","07:45–08:30","Ciencias Naturales","CIENCIAS-01"
"23","5","C","Mañana","Lunes","08:30–09:15","Matematicas","MAT-FIS-01"
"23","5","C","Mañana","Lunes","09:45–10:30","Espanol","ESP-ING-01"
"23","5","C","Mañana","Lunes","10:30–11:15","Ingles","ESP-ING-01"
"23","5","C","Mañana","Lunes","11:15–12:00","Artistica","FLEX-07"
"23","5","C","Mañana","Martes","07:00–07:45","Educacion Fisica","EDF-ETICA-04"
"23","5","C","Mañana","Martes","07:45–08:30","Etica","EDF-ETICA-01"
"23","5","C","Mañana","Martes","08:30–09:15","Espanol","ESP-ING-02"
"23","5","C","Mañana","Martes","09:45–10:30","Ciencias Sociales","FLEX-07"
"23","5","C","Mañana","Martes","10:30–11:15","Matematicas","MAT-FIS-02"
"23","5","C","Mañana","Martes","11:15–12:00","Ingles","ESP-ING-04"
"23","5","C","Mañana","Miercoles","07:00–07:45","Ciencias Sociales","FLEX-06"
"23","5","C","Mañana","Miercoles","07:45–08:30","Artistica","FLEX-05"
"23","5","C","Mañana","Miercoles","08:30–09:15","Espanol","ESP-ING-04"
"23","5","C","Mañana","Miercoles","09:45–10:30","Ciencias Naturales","CIENCIAS-05"
"23","5","C","Mañana","Miercoles","10:30–11:15","Informatica","FLEX-06"
"23","5","C","Mañana","Miercoles","11:15–12:00","Matematicas","MAT-FIS-06"
"23","5","C","Mañana","Jueves","07:00–07:45","Espanol","ESP-ING-01"
"23","5","C","Mañana","Jueves","07:45–08:30","Artistica","FLEX-01"
"23","5","C","Mañana","Jueves","08:30–09:15","Ingles","ESP-ING-01"
"23","5","C","Mañana","Jueves","09:45–10:30","Ciencias Naturales","CIENCIAS-01"
"23","5","C","Mañana","Jueves","10:30–11:15","Ciencias Sociales","FLEX-02"
"23","5","C","Mañana","Jueves","11:15–12:00","Matematicas","MAT-FIS-02"
"23","5","C","Mañana","Viernes","07:00–07:45","Educacion Fisica","EDF-ETICA-02"
"23","5","C","Mañana","Viernes","07:45–08:30","Informatica","FLEX-02"
"23","5","C","Mañana","Viernes","08:30–09:15","Matematicas","MAT-FIS-04"
"23","5","C","Mañana","Viernes","09:45–10:30","Ciencias Naturales","CIENCIAS-02"
"23","5","C","Mañana","Viernes","10:30–11:15","Espanol","ESP-ING-07"
"23","5","C","Mañana","Viernes","11:15–12:00","Etica","EDF-ETICA-01"
"24","5","D","Tarde","Lunes","13:00–13:45","Educacion Fisica","EDF-ETICA-05"
"24","5","D","Tarde","Lunes","13:45–14:30","Ciencias Naturales","CIENCIAS-01"
"24","5","D","Tarde","Lunes","14:30–15:15","Etica","EDF-ETICA-04"
"24","5","D","Tarde","Lunes","15:45–16:30","Matematicas","MAT-FIS-06"
"24","5","D","Tarde","Lunes","16:30–17:15","Espanol","ESP-ING-01"
"24","5","D","Tarde","Lunes","17:15–18:00","Ingles","ESP-ING-04"
"24","5","D","Tarde","Martes","13:00–13:45","Matematicas","MAT-FIS-01"
"24","5","D","Tarde","Martes","13:45–14:30","Ciencias Sociales","FLEX-01"
"24","5","D","Tarde","Martes","14:30–15:15","Artistica","FLEX-02"
"24","5","D","Tarde","Martes","15:45–16:30","Ingles","ESP-ING-07"
"24","5","D","Tarde","Martes","16:30–17:15","Informatica","FLEX-07"
"24","5","D","Tarde","Martes","17:15–18:00","Espanol","ESP-ING-07"
"24","5","D","Tarde","Miercoles","13:00–13:45","Educacion Fisica","EDF-ETICA-03"
"24","5","D","Tarde","Miercoles","13:45–14:30","Ciencias Naturales","CIENCIAS-03"
"24","5","D","Tarde","Miercoles","14:30–15:15","Matematicas","MAT-FIS-02"
"24","5","D","Tarde","Miercoles","15:45–16:30","Ciencias Sociales","FLEX-06"
"24","5","D","Tarde","Miercoles","16:30–17:15","Ingles","ESP-ING-06"
"24","5","D","Tarde","Miercoles","17:15–18:00","Espanol","ESP-ING-02"
"24","5","D","Tarde","Jueves","13:00–13:45","Informatica","FLEX-01"
"24","5","D","Tarde","Jueves","13:45–14:30","Artistica","FLEX-04"
"24","5","D","Tarde","Jueves","14:30–15:15","Espanol","ESP-ING-05"
"24","5","D","Tarde","Jueves","15:45–16:30","Ciencias Naturales","CIENCIAS-02"
"24","5","D","Tarde","Jueves","16:30–17:15","Etica","EDF-ETICA-02"
"24","5","D","Tarde","Jueves","17:15–18:00","Matematicas","MAT-FIS-05"
"24","5","D","Tarde","Viernes","13:00–13:45","Educacion Fisica","EDF-ETICA-01"
"24","5","D","Tarde","Viernes","13:45–14:30","Ciencias Naturales","CIENCIAS-03"
"24","5","D","Tarde","Viernes","14:30–15:15","Matematicas","MAT-FIS-03"
"24","5","D","Tarde","Viernes","15:45–16:30","Ciencias Sociales","FLEX-02"
"24","5","D","Tarde","Viernes","16:30–17:15","Espanol","ESP-ING-05"
"24","5","D","Tarde","Viernes","17:15–18:00","Artistica","FLEX-06"
"25","5","E","Tarde","Lunes","13:00–13:45","Ciencias Sociales","FLEX-05"
"25","5","E","Tarde","Lunes","13:45–14:30","Educacion Fisica","EDF-ETICA-02"
"25","5","E","Tarde","Lunes","14:30–15:15","Espanol","ESP-ING-04"
"25","5","E","Tarde","Lunes","15:45–16:30","Ingles","ESP-ING-01"
"25","5","E","Tarde","Lunes","16:30–17:15","Matematicas","MAT-FIS-03"
"25","5","E","Tarde","Lunes","17:15–18:00","Ciencias Naturales","CIENCIAS-01"
"25","5","E","Tarde","Martes","13:00–13:45","Ciencias Sociales","FLEX-03"
"25","5","E","Tarde","Martes","13:45–14:30","Matematicas","MAT-FIS-01"
"25","5","E","Tarde","Martes","14:30–15:15","Espanol","ESP-ING-07"
"25","5","E","Tarde","Martes","15:45–16:30","Ciencias Naturales","CIENCIAS-02"
"25","5","E","Tarde","Martes","16:30–17:15","Ingles","ESP-ING-07"
"25","5","E","Tarde","Martes","17:15–18:00","Artistica","FLEX-03"
"25","5","E","Tarde","Miercoles","13:00–13:45","Educacion Fisica","EDF-ETICA-04"
"25","5","E","Tarde","Miercoles","13:45–14:30","Matematicas","MAT-FIS-06"
"25","5","E","Tarde","Miercoles","14:30–15:15","Espanol","ESP-ING-05"
"25","5","E","Tarde","Miercoles","15:45–16:30","Informatica","FLEX-01"
"25","5","E","Tarde","Miercoles","16:30–17:15","Artistica","FLEX-01"
"25","5","E","Tarde","Miercoles","17:15–18:00","Ciencias Naturales","CIENCIAS-01"
"25","5","E","Tarde","Jueves","13:00–13:45","Artistica","FLEX-06"
"25","5","E","Tarde","Jueves","13:45–14:30","Matematicas","MAT-FIS-01"
"25","5","E","Tarde","Jueves","14:30–15:15","Informatica","FLEX-06"
"25","5","E","Tarde","Jueves","15:45–16:30","Espanol","ESP-ING-07"
"25","5","E","Tarde","Jueves","16:30–17:15","Etica","EDF-ETICA-01"
"25","5","E","Tarde","Jueves","17:15–18:00","Ciencias Naturales","CIENCIAS-01"
"25","5","E","Tarde","Viernes","13:00–13:45","Ingles","ESP-ING-03"
"25","5","E","Tarde","Viernes","13:45–14:30","Ciencias Sociales","FLEX-06"
"25","5","E","Tarde","Viernes","14:30–15:15","Educacion Fisica","EDF-ETICA-03"
"25","5","E","Tarde","Viernes","15:45–16:30","Matematicas","MAT-FIS-04"
"25","5","E","Tarde","Viernes","16:30–17:15","Etica","EDF-ETICA-04"
"25","5","E","Tarde","Viernes","17:15–18:00","Espanol","ESP-ING-06"
"26","6","A","Mañana","Lunes","07:00–07:45","Matematicas","MAT-FIS-02"
"26","6","A","Mañana","Lunes","07:45–08:30","Biologia","CIENCIAS-03"
"26","6","A","Mañana","Lunes","08:30–09:15","Quimica","CIENCIAS-01"
"26","6","A","Mañana","Lunes","09:45–10:30","Ingles","ESP-ING-05"
"26","6","A","Mañana","Lunes","10:30–11:15","Educacion Fisica","EDF-ETICA-03"
"26","6","A","Mañana","Lunes","11:15–12:00","Fisica","MAT-FIS-05"
"26","6","A","Mañana","Martes","07:00–07:45","Ingles",""
"26","6","A","Mañana","Martes","07:45–08:30","Espanol","ESP-ING-06"
"26","6","A","Mañana","Martes","08:30–09:15","Fisica","MAT-FIS-05"
"26","6","A","Mañana","Martes","09:45–10:30","Quimica","CIENCIAS-04"
"26","6","A","Mañana","Martes","10:30–11:15","Biologia","CIENCIAS-04"
"26","6","A","Mañana","Martes","11:15–12:00","Matematicas","MAT-FIS-06"
"26","6","A","Mañana","Miercoles","07:00–07:45","Ciencias Sociales",""
"26","6","A","Mañana","Miercoles","07:45–08:30","Fisica","MAT-FIS-06"
"26","6","A","Mañana","Miercoles","08:30–09:15","Quimica","CIENCIAS-05"
"26","6","A","Mañana","Miercoles","09:45–10:30","Informatica",""
"26","6","A","Mañana","Miercoles","10:30–11:15","Espanol","ESP-ING-07"
"26","6","A","Mañana","Miercoles","11:15–12:00","Matematicas","MAT-FIS-02"
"26","6","A","Mañana","Jueves","07:00–07:45","Espanol","ESP-ING-02"
"26","6","A","Mañana","Jueves","07:45–08:30","Matematicas","MAT-FIS-03"
"26","6","A","Mañana","Jueves","08:30–09:15","Ciencias Sociales","FLEX-06"
"26","6","A","Mañana","Jueves","09:45–10:30","Educacion Fisica","EDF-ETICA-05"
"26","6","A","Mañana","Jueves","10:30–11:15","Biologia","CIENCIAS-01"
"26","6","A","Mañana","Jueves","11:15–12:00","Ingles","ESP-ING-04"
"26","6","A","Mañana","Viernes","07:00–07:45","Espanol","ESP-ING-04"
"26","6","A","Mañana","Viernes","07:45–08:30","Proyecto de vida","FLEX-05"
"26","6","A","Mañana","Viernes","08:30–09:15","Matematicas","MAT-FIS-01"
"26","6","A","Mañana","Viernes","09:45–10:30","Ciencias Sociales","FLEX-06"
"26","6","A","Mañana","Viernes","10:30–11:15","Informatica","FLEX-01"
"26","6","A","Mañana","Viernes","11:15–12:00","Etica","EDF-ETICA-04"
"27","6","B","Mañana","Lunes","07:00–07:45","Educacion Fisica",""
"27","6","B","Mañana","Lunes","07:45–08:30","Matematicas","MAT-FIS-06"
"27","6","B","Mañana","Lunes","08:30–09:15","Ciencias Sociales","FLEX-06"
"27","6","B","Mañana","Lunes","09:45–10:30","Informatica","FLEX-07"
"27","6","B","Mañana","Lunes","10:30–11:15","Proyecto de vida","FLEX-02"
"27","6","B","Mañana","Lunes","11:15–12:00","Etica","EDF-ETICA-05"
"27","6","B","Mañana","Martes","07:00–07:45","Espanol","ESP-ING-01"
"27","6","B","Mañana","Martes","07:45–08:30","Ingles","ESP-ING-01"
"27","6","B","Mañana","Martes","08:30–09:15","Fisica","MAT-FIS-01"
"27","6","B","Mañana","Martes","09:45–10:30","Quimica","CIENCIAS-01"
"27","6","B","Mañana","Martes","10:30–11:15","Biologia","CIENCIAS-01"
"27","6","B","Mañana","Martes","11:15–12:00","Matematicas","MAT-FIS-02"
"27","6","B","Mañana","Miercoles","07:00–07:45","Biologia","CIENCIAS-05"
"27","6","B","Mañana","Miercoles","07:45–08:30","Espanol","ESP-ING-05"
"27","6","B","Mañana","Miercoles","08:30–09:15","Ingles","ESP-ING-07"
"27","6","B","Mañana","Miercoles","09:45–10:30","Matematicas","MAT-FIS-01"
"27","6","B","Mañana","Miercoles","10:30–11:15","Fisica","MAT-FIS-03"
"27","6","B","Mañana","Miercoles","11:15–12:00","Quimica","CIENCIAS-04"
"27","6","B","Mañana","Jueves","07:00–07:45","Informatica","FLEX-07"
"27","6","B","Mañana","Jueves","07:45–08:30","Espanol","ESP-ING-04"
"27","6","B","Mañana","Jueves","08:30–09:15","Quimica","CIENCIAS-04"
"27","6","B","Mañana","Jueves","09:45–10:30","Fisica","MAT-FIS-04"
"27","6","B","Mañana","Jueves","10:30–11:15","Matematicas","MAT-FIS-04"
"27","6","B","Mañana","Jueves","11:15–12:00","Ciencias Sociales","FLEX-06"
"27","6","B","Mañana","Viernes","07:00–07:45","Matematicas","MAT-FIS-02"
"27","6","B","Mañana","Viernes","07:45–08:30","Espanol","ESP-ING-01"
"27","6","B","Mañana","Viernes","08:30–09:15","Educacion Fisica","EDF-ETICA-04"
"27","6","B","Mañana","Viernes","09:45–10:30","Ingles","ESP-ING-02"
"27","6","B","Mañana","Viernes","10:30–11:15","Ciencias Sociales","FLEX-07"
"27","6","B","Mañana","Viernes","11:15–12:00","Biologia","CIENCIAS-02"
"28","6","C","Tarde","Lunes","13:00–13:45","Espanol","ESP-ING-03"
"28","6","C","Tarde","Lunes","13:45–14:30","Ciencias Sociales","FLEX-05"
"28","6","C","Tarde","Lunes","14:30–15:15","Educacion Fisica","EDF-ETICA-01"
"28","6","C","Tarde","Lunes","15:45–16:30","Matematicas","MAT-FIS-01"
"28","6","C","Tarde","Lunes","16:30–17:15","Biologia","CIENCIAS-05"
"28","6","C","Tarde","Lunes","17:15–18:00","Ingles","ESP-ING-07"
"28","6","C","Tarde","Martes","13:00–13:45","Informatica","FLEX-05"
"28","6","C","Tarde","Martes","13:45–14:30","Ciencias Sociales","FLEX-04"
"28","6","C","Tarde","Martes","14:30–15:15","Educacion Fisica","EDF-ETICA-05"
"28","6","C","Tarde","Martes","15:45–16:30","Etica","EDF-ETICA-01"
"28","6","C","Tarde","Martes","16:30–17:15","Ingles","ESP-ING-02"
"28","6","C","Tarde","Martes","17:15–18:00","Matematicas","MAT-FIS-05"
"28","6","C","Tarde","Miercoles","13:00–13:45","Espanol","ESP-ING-02"
"28","6","C","Tarde","Miercoles","13:45–14:30","Proyecto de vida","FLEX-05"
"28","6","C","Tarde","Miercoles","14:30–15:15","Matematicas","MAT-FIS-03"
"28","6","C","Tarde","Miercoles","15:45–16:30","Biologia","CIENCIAS-05"
"28","6","C","Tarde","Miercoles","16:30–17:15","Quimica","CIENCIAS-03"
"28","6","C","Tarde","Miercoles","17:15–18:00","Fisica","MAT-FIS-01"
"28","6","C","Tarde","Jueves","13:00–13:45","Matematicas","MAT-FIS-04"
"28","6","C","Tarde","Jueves","13:45–14:30","Fisica","MAT-FIS-02"
"28","6","C","Tarde","Jueves","14:30–15:15","Ingles","ESP-ING-04"
"28","6","C","Tarde","Jueves","15:45–16:30","Espanol","ESP-ING-01"
"28","6","C","Tarde","Jueves","16:30–17:15","Biologia","CIENCIAS-04"
"28","6","C","Tarde","Jueves","17:15–18:00","Quimica","CIENCIAS-02"
"28","6","C","Tarde","Viernes","13:00–13:45","Informatica","FLEX-04"
"28","6","C","Tarde","Viernes","13:45–14:30","Espanol","ESP-ING-06"
"28","6","C","Tarde","Viernes","14:30–15:15","Fisica","MAT-FIS-04"
"28","6","C","Tarde","Viernes","15:45–16:30","Quimica","CIENCIAS-04"
"28","6","C","Tarde","Viernes","16:30–17:15","Matematicas","MAT-FIS-01"
"28","6","C","Tarde","Viernes","17:15–18:00","Ciencias Sociales","FLEX-01"
"29","7","A","Mañana","Lunes","07:00–07:45","Ingles","ESP-ING-03"
"29","7","A","Mañana","Lunes","07:45–08:30","Matematicas","MAT-FIS-04"
"29","7","A","Mañana","Lunes","08:30–09:15","Informatica","FLEX-03"
"29","7","A","Mañana","Lunes","09:45–10:30","Ciencias Sociales","FLEX-05"
"29","7","A","Mañana","Lunes","10:30–11:15","Espanol","ESP-ING-06"
"29","7","A","Mañana","Lunes","11:15–12:00","Educacion Fisica","EDF-ETICA-03"
"29","7","A","Mañana","Martes","07:00–07:45","Fisica","MAT-FIS-03"
"29","7","A","Mañana","Martes","07:45–08:30","Matematicas","MAT-FIS-03"
"29","7","A","Mañana","Martes","08:30–09:15","Espanol","ESP-ING-03"
"29","7","A","Mañana","Martes","09:45–10:30","Ingles","ESP-ING-03"
"29","7","A","Mañana","Martes","10:30–11:15","Biologia","CIENCIAS-02"
"29","7","A","Mañana","Martes","11:15–12:00","Quimica","CIENCIAS-02"
"29","7","A","Mañana","Miercoles","07:00–07:45","Matematicas","MAT-FIS-04"
"29","7","A","Mañana","Miercoles","07:45–08:30","Educacion Fisica","EDF-ETICA-01"
"29","7","A","Mañana","Miercoles","08:30–09:15","Etica","EDF-ETICA-04"
"29","7","A","Mañana","Miercoles","09:45–10:30","Ingles","ESP-ING-05"
"29","7","A","Mañana","Miercoles","10:30–11:15","Biologia","CIENCIAS-04"
"29","7","A","Mañana","Miercoles","11:15–12:00","Ciencias Sociales","FLEX-06"
"29","7","A","Mañana","Jueves","07:00–07:45","Informatica","FLEX-02"
"29","7","A","Mañana","Jueves","07:45–08:30","Espanol","ESP-ING-07"
"29","7","A","Mañana","Jueves","08:30–09:15","Matematicas","MAT-FIS-06"
"29","7","A","Mañana","Jueves","09:45–10:30","Quimica","CIENCIAS-04"
"29","7","A","Mañana","Jueves","10:30–11:15","Fisica","MAT-FIS-06"
"29","7","A","Mañana","Jueves","11:15–12:00","Proyecto de vida",""
"29","7","A","Mañana","Viernes","07:00–07:45","Quimica","CIENCIAS-03"
"29","7","A","Mañana","Viernes","07:45–08:30","Biologia","CIENCIAS-05"
"29","7","A","Mañana","Viernes","08:30–09:15","Fisica","MAT-FIS-06"
"29","7","A","Mañana","Viernes","09:45–10:30","Matematicas","MAT-FIS-03"
"29","7","A","Mañana","Viernes","10:30–11:15","Espanol","ESP-ING-02"
"29","7","A","Mañana","Viernes","11:15–12:00","Ciencias Sociales","FLEX-04"
"30","7","B","Mañana","Lunes","07:00–07:45","Fisica","MAT-FIS-01"
"30","7","B","Mañana","Lunes","07:45–08:30","Ingles","ESP-ING-03"
"30","7","B","Mañana","Lunes","08:30–09:15","Biologia","CIENCIAS-05"
"30","7","B","Mañana","Lunes","09:45–10:30","Quimica","CIENCIAS-05"
"30","7","B","Mañana","Lunes","10:30–11:15","Espanol","ESP-ING-04"
"30","7","B","Mañana","Lunes","11:15–12:00","Matematicas","MAT-FIS-04"
"30","7","B","Mañana","Martes","07:00–07:45","Matematicas","MAT-FIS-05"
"30","7","B","Mañana","Martes","07:45–08:30","Ciencias Sociales","FLEX-07"
"30","7","B","Mañana","Martes","08:30–09:15","Espanol","ESP-ING-06"
"30","7","B","Mañana","Martes","09:45–10:30","Fisica","MAT-FIS-04"
"30","7","B","Mañana","Martes","10:30–11:15","Quimica","CIENCIAS-03"
"30","7","B","Mañana","Martes","11:15–12:00","Biologia","CIENCIAS-03"
"30","7","B","Mañana","Miercoles","07:00–07:45","Matematicas","MAT-FIS-03"
"30","7","B","Mañana","Miercoles","07:45–08:30","Informatica","FLEX-03"
"30","7","B","Mañana","Miercoles","08:30–09:15","Espanol","ESP-ING-03"
"30","7","B","Mañana","Miercoles","09:45–10:30","Educacion Fisica","EDF-ETICA-02"
"30","7","B","Mañana","Miercoles","10:30–11:15","Ciencias Sociales","FLEX-04"
"30","7","B","Mañana","Miercoles","11:15–12:00","Ingles","ESP-ING-07"
"30","7","B","Mañana","Jueves","07:00–07:45","Fisica","MAT-FIS-01"
"30","7","B","Mañana","Jueves","07:45–08:30","Matematicas","MAT-FIS-01"
"30","7","B","Mañana","Jueves","08:30–09:15","Proyecto de vida","FLEX-05"
"30","7","B","Mañana","Jueves","09:45–10:30","Etica","EDF-ETICA-04"
"30","7","B","Mañana","Jueves","10:30–11:15","Informatica","FLEX-01"
"30","7","B","Mañana","Jueves","11:15–12:00","Espanol","ESP-ING-03"
"30","7","B","Mañana","Viernes","07:00–07:45","Quimica","CIENCIAS-05"
"30","7","B","Mañana","Viernes","07:45–08:30","Ciencias Sociales","FLEX-06"
"30","7","B","Mañana","Viernes","08:30–09:15","Matematicas","MAT-FIS-02"
"30","7","B","Mañana","Viernes","09:45–10:30","Ingles","ESP-ING-03"
"30","7","B","Mañana","Viernes","10:30–11:15","Biologia","CIENCIAS-04"
"30","7","B","Mañana","Viernes","11:15–12:00","Educacion Fisica","EDF-ETICA-05"
"31","7","C","Tarde","Lunes","13:00–13:45","Fisica","MAT-FIS-05"
"31","7","C","Tarde","Lunes","13:45–14:30","Quimica","CIENCIAS-03"
"31","7","C","Tarde","Lunes","14:30–15:15","Biologia","CIENCIAS-01"
"31","7","C","Tarde","Lunes","15:45–16:30","Educacion Fisica","EDF-ETICA-01"
"31","7","C","Tarde","Lunes","16:30–17:15","Ingles","ESP-ING-05"
"31","7","C","Tarde","Lunes","17:15–18:00","Matematicas","MAT-FIS-02"
"31","7","C","Tarde","Martes","13:00–13:45","Biologia","CIENCIAS-05"
"31","7","C","Tarde","Martes","13:45–14:30","Quimica","CIENCIAS-03"
"31","7","C","Tarde","Martes","14:30–15:15","Ingles","ESP-ING-06"
"31","7","C","Tarde","Martes","15:45–16:30","Fisica","MAT-FIS-03"
"31","7","C","Tarde","Martes","16:30–17:15","Matematicas","MAT-FIS-06"
"31","7","C","Tarde","Martes","17:15–18:00","Espanol","ESP-ING-06"
"31","7","C","Tarde","Miercoles","13:00–13:45","Informatica","FLEX-07"
"31","7","C","Tarde","Miercoles","13:45–14:30","Espanol","ESP-ING-06"
"31","7","C","Tarde","Miercoles","14:30–15:15","Quimica","CIENCIAS-03"
"31","7","C","Tarde","Miercoles","15:45–16:30","Matematicas","MAT-FIS-02"
"31","7","C","Tarde","Miercoles","16:30–17:15","Fisica","MAT-FIS-05"
"31","7","C","Tarde","Miercoles","17:15–18:00","Ciencias Sociales","FLEX-07"
"31","7","C","Tarde","Jueves","13:00–13:45","Educacion Fisica","EDF-ETICA-04"
"31","7","C","Tarde","Jueves","13:45–14:30","Ingles","ESP-ING-05"
"31","7","C","Tarde","Jueves","14:30–15:15","Matematicas","MAT-FIS-04"
"31","7","C","Tarde","Jueves","15:45–16:30","Biologia","CIENCIAS-01"
"31","7","C","Tarde","Jueves","16:30–17:15","Ciencias Sociales","FLEX-01"
"31","7","C","Tarde","Jueves","17:15–18:00","Espanol","ESP-ING-07"
"31","7","C","Tarde","Viernes","13:00–13:45","Informatica","FLEX-05"
"31","7","C","Tarde","Viernes","13:45–14:30","Etica","EDF-ETICA-01"
"31","7","C","Tarde","Viernes","14:30–15:15","Ciencias Sociales","FLEX-03"
"31","7","C","Tarde","Viernes","15:45–16:30","Proyecto de vida","FLEX-05"
"31","7","C","Tarde","Viernes","16:30–17:15","Espanol","ESP-ING-07"
"31","7","C","Tarde","Viernes","17:15–18:00","Matematicas","MAT-FIS-04"
"32","8","A","Mañana","Lunes","07:00–07:45","Ciencias Sociales","FLEX-04"
"32","8","A","Mañana","Lunes","07:45–08:30","Etica","EDF-ETICA-02"
"32","8","A","Mañana","Lunes","08:30–09:15","Educacion Fisica","EDF-ETICA-02"
"32","8","A","Mañana","Lunes","09:45–10:30","Proyecto de vida","FLEX-04"
"32","8","A","Mañana","Lunes","10:30–11:15","Informatica","FLEX-06"
"32","8","A","Mañana","Lunes","11:15–12:00","Matematicas","MAT-FIS-03"
"32","8","A","Mañana","Martes","07:00–07:45","Fisica","MAT-FIS-06"
"32","8","A","Mañana","Martes","07:45–08:30","Matematicas","MAT-FIS-06"
"32","8","A","Mañana","Martes","08:30–09:15","Quimica","CIENCIAS-05"
"32","8","A","Mañana","Martes","09:45–10:30","Biologia","CIENCIAS-05"
"32","8","A","Mañana","Martes","10:30–11:15","Ingles",""
"32","8","A","Mañana","Martes","11:15–12:00","Espanol",""
"32","8","A","Mañana","Miercoles","07:00–07:45","Quimica","CIENCIAS-04"
"32","8","A","Mañana","Miercoles","07:45–08:30","Matematicas","MAT-FIS-04"
"32","8","A","Mañana","Miercoles","08:30–09:15","Fisica","MAT-FIS-03"
"32","8","A","Mañana","Miercoles","09:45–10:30","Ingles","ESP-ING-06"
"32","8","A","Mañana","Miercoles","10:30–11:15","Espanol","ESP-ING-05"
"32","8","A","Mañana","Miercoles","11:15–12:00","Biologia","CIENCIAS-03"
"32","8","A","Mañana","Jueves","07:00–07:45","Quimica","CIENCIAS-02"
"32","8","A","Mañana","Jueves","07:45–08:30","Ciencias Sociales","FLEX-05"
"32","8","A","Mañana","Jueves","08:30–09:15","Matematicas","MAT-FIS-05"
"32","8","A","Mañana","Jueves","09:45–10:30","Fisica","MAT-FIS-05"
"32","8","A","Mañana","Jueves","10:30–11:15","Espanol","ESP-ING-01"
"32","8","A","Mañana","Jueves","11:15–12:00","Informatica","FLEX-07"
"32","8","A","Mañana","Viernes","07:00–07:45","Educacion Fisica","EDF-ETICA-04"
"32","8","A","Mañana","Viernes","07:45–08:30","Espanol","ESP-ING-07"
"32","8","A","Mañana","Viernes","08:30–09:15","Ingles","ESP-ING-07"
"32","8","A","Mañana","Viernes","09:45–10:30","Biologia","CIENCIAS-04"
"32","8","A","Mañana","Viernes","10:30–11:15","Matematicas","MAT-FIS-05"
"32","8","A","Mañana","Viernes","11:15–12:00","Ciencias Sociales","FLEX-05"
"33","8","B","Tarde","Lunes","13:00–13:45","Matematicas","MAT-FIS-04"
"33","8","B","Tarde","Lunes","13:45–14:30","Educacion Fisica","EDF-ETICA-03"
"33","8","B","Tarde","Lunes","14:30–15:15","Espanol","ESP-ING-05"
"33","8","B","Tarde","Lunes","15:45–16:30","Biologia","CIENCIAS-03"
"33","8","B","Tarde","Lunes","16:30–17:15","Ingles","ESP-ING-03"
"33","8","B","Tarde","Lunes","17:15–18:00","Ciencias Sociales","FLEX-02"
"33","8","B","Tarde","Martes","13:00–13:45","Etica","EDF-ETICA-03"
"33","8","B","Tarde","Martes","13:45–14:30","Educacion Fisica","EDF-ETICA-04"
"33","8","B","Tarde","Martes","14:30–15:15","Matematicas","MAT-FIS-04"
"33","8","B","Tarde","Martes","15:45–16:30","Ciencias Sociales","FLEX-06"
"33","8","B","Tarde","Martes","16:30–17:15","Informatica","FLEX-06"
"33","8","B","Tarde","Martes","17:15–18:00","Ingles","ESP-ING-05"
"33","8","B","Tarde","Miercoles","13:00–13:45","Proyecto de vida","FLEX-06"
"33","8","B","Tarde","Miercoles","13:45–14:30","Biologia","CIENCIAS-04"
"33","8","B","Tarde","Miercoles","14:30–15:15","Quimica","CIENCIAS-02"
"33","8","B","Tarde","Miercoles","15:45–16:30","Fisica","MAT-FIS-01"
"33","8","B","Tarde","Miercoles","16:30–17:15","Matematicas","MAT-FIS-04"
"33","8","B","Tarde","Miercoles","17:15–18:00","Espanol","ESP-ING-04"
"33","8","B","Tarde","Jueves","13:00–13:45","Ingles","ESP-ING-01"
"33","8","B","Tarde","Jueves","13:45–14:30","Quimica","CIENCIAS-05"
"33","8","B","Tarde","Jueves","14:30–15:15","Biologia","CIENCIAS-03"
"33","8","B","Tarde","Jueves","15:45–16:30","Fisica","MAT-FIS-01"
"33","8","B","Tarde","Jueves","16:30–17:15","Matematicas","MAT-FIS-01"
"33","8","B","Tarde","Jueves","17:15–18:00","Espanol","ESP-ING-06"
"33","8","B","Tarde","Viernes","13:00–13:45","Quimica","CIENCIAS-05"
"33","8","B","Tarde","Viernes","13:45–14:30","Matematicas","MAT-FIS-01"
"33","8","B","Tarde","Viernes","14:30–15:15","Espanol","ESP-ING-07"
"33","8","B","Tarde","Viernes","15:45–16:30","Informatica","FLEX-04"
"33","8","B","Tarde","Viernes","16:30–17:15","Ciencias Sociales","FLEX-03"
"33","8","B","Tarde","Viernes","17:15–18:00","Fisica","MAT-FIS-03"
"34","8","C","Tarde","Lunes","13:00–13:45","Educacion Fisica","EDF-ETICA-02"
"34","8","C","Tarde","Lunes","13:45–14:30","Ingles","ESP-ING-07"
"34","8","C","Tarde","Lunes","14:30–15:15","Matematicas","MAT-FIS-01"
"34","8","C","Tarde","Lunes","15:45–16:30","Espanol","ESP-ING-02"
"34","8","C","Tarde","Lunes","16:30–17:15","Ciencias Sociales","FLEX-02"
"34","8","C","Tarde","Lunes","17:15–18:00","Informatica","FLEX-01"
"34","8","C","Tarde","Martes","13:00–13:45","Espanol","ESP-ING-02"
"34","8","C","Tarde","Martes","13:45–14:30","Biologia","CIENCIAS-04"
"34","8","C","Tarde","Martes","14:30–15:15","Quimica","CIENCIAS-01"
"34","8","C","Tarde","Martes","15:45–16:30","Matematicas","MAT-FIS-05"
"34","8","C","Tarde","Martes","16:30–17:15","Ingles","ESP-ING-01"
"34","8","C","Tarde","Martes","17:15–18:00","Fisica","MAT-FIS-04"
"34","8","C","Tarde","Miercoles","13:00–13:45","Matematicas","MAT-FIS-03"
"34","8","C","Tarde","Miercoles","13:45–14:30","Ingles","ESP-ING-07"
"34","8","C","Tarde","Miercoles","14:30–15:15","Ciencias Sociales","FLEX-04"
"34","8","C","Tarde","Miercoles","15:45–16:30","Educacion Fisica","EDF-ETICA-05"
"34","8","C","Tarde","Miercoles","16:30–17:15","Biologia","CIENCIAS-04"
"34","8","C","Tarde","Miercoles","17:15–18:00","Etica","EDF-ETICA-04"
"34","8","C","Tarde","Jueves","13:00–13:45","Matematicas","MAT-FIS-03"
"34","8","C","Tarde","Jueves","13:45–14:30","Espanol","ESP-ING-04"
"34","8","C","Tarde","Jueves","14:30–15:15","Informatica","FLEX-05"
"34","8","C","Tarde","Jueves","15:45–16:30","Proyecto de vida","FLEX-07"
"34","8","C","Tarde","Jueves","16:30–17:15","Quimica","CIENCIAS-03"
"34","8","C","Tarde","Jueves","17:15–18:00","Fisica","MAT-FIS-03"
"34","8","C","Tarde","Viernes","13:00–13:45","Ciencias Sociales","FLEX-06"
"34","8","C","Tarde","Viernes","13:45–14:30","Biologia","CIENCIAS-04"
"34","8","C","Tarde","Viernes","14:30–15:15","Quimica","CIENCIAS-03"
"34","8","C","Tarde","Viernes","15:45–16:30","Espanol","ESP-ING-05"
"34","8","C","Tarde","Viernes","16:30–17:15","Fisica","MAT-FIS-02"
"34","8","C","Tarde","Viernes","17:15–18:00","Matematicas","MAT-FIS-05"
"35","9","A","Mañana","Lunes","07:00–07:45","Biologia","CIENCIAS-02"
"35","9","A","Mañana","Lunes","07:45–08:30","Fisica","MAT-FIS-03"
"35","9","A","Mañana","Lunes","08:30–09:15","Ingles","ESP-ING-04"
"35","9","A","Mañana","Lunes","09:45–10:30","Matematicas","MAT-FIS-02"
"35","9","A","Mañana","Lunes","10:30–11:15","Espanol","ESP-ING-05"
"35","9","A","Mañana","Lunes","11:15–12:00","Quimica","CIENCIAS-03"
"35","9","A","Mañana","Martes","07:00–07:45","Espanol","ESP-ING-07"
"35","9","A","Mañana","Martes","07:45–08:30","Quimica","CIENCIAS-04"
"35","9","A","Mañana","Martes","08:30–09:15","Biologia","CIENCIAS-04"
"35","9","A","Mañana","Martes","09:45–10:30","Matematicas","MAT-FIS-05"
"35","9","A","Mañana","Martes","10:30–11:15","Ciencias Sociales","FLEX-06"
"35","9","A","Mañana","Martes","11:15–12:00","Fisica","MAT-FIS-05"
"35","9","A","Mañana","Miercoles","07:00–07:45","Ingles","ESP-ING-05"
"35","9","A","Mañana","Miercoles","07:45–08:30","Ciencias Sociales","FLEX-06"
"35","9","A","Mañana","Miercoles","08:30–09:15","Informatica","FLEX-06"
"35","9","A","Mañana","Miercoles","09:45–10:30","Educacion Fisica","EDF-ETICA-03"
"35","9","A","Mañana","Miercoles","10:30–11:15","Matematicas","MAT-FIS-02"
"35","9","A","Mañana","Miercoles","11:15–12:00","Espanol","ESP-ING-02"
"35","9","A","Mañana","Jueves","07:00–07:45","Fisica","MAT-FIS-06"
"35","9","A","Mañana","Jueves","07:45–08:30","Espanol","ESP-ING-06"
"35","9","A","Mañana","Jueves","08:30–09:15","Proyecto de vida","FLEX-03"
"35","9","A","Mañana","Jueves","09:45–10:30","Informatica","FLEX-04"
"35","9","A","Mañana","Jueves","10:30–11:15","Etica","EDF-ETICA-04"
"35","9","A","Mañana","Jueves","11:15–12:00","Matematicas","MAT-FIS-06"
"35","9","A","Mañana","Viernes","07:00–07:45","Quimica","CIENCIAS-01"
"35","9","A","Mañana","Viernes","07:45–08:30","Educacion Fisica","EDF-ETICA-01"
"35","9","A","Mañana","Viernes","08:30–09:15","Biologia","CIENCIAS-04"
"35","9","A","Mañana","Viernes","09:45–10:30","Matematicas","MAT-FIS-01"
"35","9","A","Mañana","Viernes","10:30–11:15","Ciencias Sociales","FLEX-03"
"35","9","A","Mañana","Viernes","11:15–12:00","Ingles","ESP-ING-02"
"36","9","B","Tarde","Lunes","13:00–13:45","Ingles","ESP-ING-02"
"36","9","B","Tarde","Lunes","13:45–14:30","Biologia","CIENCIAS-02"
"36","9","B","Tarde","Lunes","14:30–15:15","Quimica","CIENCIAS-05"
"36","9","B","Tarde","Lunes","15:45–16:30","Educacion Fisica","EDF-ETICA-05"
"36","9","B","Tarde","Lunes","16:30–17:15","Fisica","MAT-FIS-04"
"36","9","B","Tarde","Lunes","17:15–18:00","Matematicas","MAT-FIS-01"
"36","9","B","Tarde","Martes","13:00–13:45","Quimica","CIENCIAS-02"
"36","9","B","Tarde","Martes","13:45–14:30","Fisica","MAT-FIS-03"
"36","9","B","Tarde","Martes","14:30–15:15","Matematicas","MAT-FIS-01"
"36","9","B","Tarde","Martes","15:45–16:30","Espanol","ESP-ING-04"
"36","9","B","Tarde","Martes","16:30–17:15","Ingles","ESP-ING-03"
"36","9","B","Tarde","Martes","17:15–18:00","Biologia","CIENCIAS-02"
"36","9","B","Tarde","Miercoles","13:00–13:45","Fisica","MAT-FIS-06"
"36","9","B","Tarde","Miercoles","13:45–14:30","Matematicas","MAT-FIS-04"
"36","9","B","Tarde","Miercoles","14:30–15:15","Quimica","CIENCIAS-01"
"36","9","B","Tarde","Miercoles","15:45–16:30","Espanol","ESP-ING-06"
"36","9","B","Tarde","Miercoles","16:30–17:15","Informatica","FLEX-07"
"36","9","B","Tarde","Miercoles","17:15–18:00","Ciencias Sociales","FLEX-03"
"36","9","B","Tarde","Jueves","13:00–13:45","Ciencias Sociales","FLEX-05"
"36","9","B","Tarde","Jueves","13:45–14:30","Matematicas","MAT-FIS-06"
"36","9","B","Tarde","Jueves","14:30–15:15","Educacion Fisica","EDF-ETICA-04"
"36","9","B","Tarde","Jueves","15:45–16:30","Biologia","CIENCIAS-05"
"36","9","B","Tarde","Jueves","16:30–17:15","Espanol","ESP-ING-02"
"36","9","B","Tarde","Jueves","17:15–18:00","Ingles","ESP-ING-05"
"36","9","B","Tarde","Viernes","13:00–13:45","Matematicas","MAT-FIS-02"
"36","9","B","Tarde","Viernes","13:45–14:30","Etica","EDF-ETICA-04"
"36","9","B","Tarde","Viernes","14:30–15:15","Espanol","ESP-ING-06"
"36","9","B","Tarde","Viernes","15:45–16:30","Ciencias Sociales","FLEX-03"
"36","9","B","Tarde","Viernes","16:30–17:15","Informatica","FLEX-02"
"36","9","B","Tarde","Viernes","17:15–18:00","Proyecto de vida","FLEX-07"
"37","9","C","Tarde","Lunes","13:00–13:45","Matematicas","MAT-FIS-03"
"37","9","C","Tarde","Lunes","13:45–14:30","Informatica","FLEX-04"
"37","9","C","Tarde","Lunes","14:30–15:15","Proyecto de vida","FLEX-06"
"37","9","C","Tarde","Lunes","15:45–16:30","Ciencias Sociales","FLEX-03"
"37","9","C","Tarde","Lunes","16:30–17:15","Etica","EDF-ETICA-01"
"37","9","C","Tarde","Lunes","17:15–18:00","Educacion Fisica","EDF-ETICA-04"
"37","9","C","Tarde","Martes","13:00–13:45","Fisica","MAT-FIS-02"
"37","9","C","Tarde","Martes","13:45–14:30","Ingles","ESP-ING-03"
"37","9","C","Tarde","Martes","14:30–15:15","Espanol","ESP-ING-01"
"37","9","C","Tarde","Martes","15:45–16:30","Matematicas","MAT-FIS-04"
"37","9","C","Tarde","Martes","16:30–17:15","Quimica","CIENCIAS-04"
"37","9","C","Tarde","Martes","17:15–18:00","Biologia","CIENCIAS-01"
"37","9","C","Tarde","Miercoles","13:00–13:45","Ingles","ESP-ING-03"
"37","9","C","Tarde","Miercoles","13:45–14:30","Fisica","MAT-FIS-01"
"37","9","C","Tarde","Miercoles","14:30–15:15","Matematicas","MAT-FIS-05"
"37","9","C","Tarde","Miercoles","15:45–16:30","Quimica","CIENCIAS-01"
"37","9","C","Tarde","Miercoles","16:30–17:15","Espanol","ESP-ING-02"
"37","9","C","Tarde","Miercoles","17:15–18:00","Biologia","CIENCIAS-02"
"37","9","C","Tarde","Jueves","13:00–13:45","Quimica","CIENCIAS-03"
"37","9","C","Tarde","Jueves","13:45–14:30","Ciencias Sociales","FLEX-03"
"37","9","C","Tarde","Jueves","14:30–15:15","Matematicas","MAT-FIS-05"
"37","9","C","Tarde","Jueves","15:45–16:30","Espanol","ESP-ING-02"
"37","9","C","Tarde","Jueves","16:30–17:15","Informatica","FLEX-02"
"37","9","C","Tarde","Jueves","17:15–18:00","Fisica","MAT-FIS-04"
"37","9","C","Tarde","Viernes","13:00–13:45","Educacion Fisica","EDF-ETICA-03"
"37","9","C","Tarde","Viernes","13:45–14:30","Matematicas","MAT-FIS-02"
"37","9","C","Tarde","Viernes","14:30–15:15","Espanol","ESP-ING-01"
"37","9","C","Tarde","Viernes","15:45–16:30","Ingles","ESP-ING-04"
"37","9","C","Tarde","Viernes","16:30–17:15","Ciencias Sociales","FLEX-05"
"37","9","C","Tarde","Viernes","17:15–18:00","Biologia","CIENCIAS-02"
"38","10","A","Mañana","Lunes","07:00–07:45","Biologia","CIENCIAS-03"
"38","10","A","Mañana","Lunes","07:45–08:30","Educacion Fisica","EDF-ETICA-05"
"38","10","A","Mañana","Lunes","08:30–09:15","Matematicas","MAT-FIS-05"
"38","10","A","Mañana","Lunes","09:45–10:30","Ingles","ESP-ING-07"
"38","10","A","Mañana","Lunes","10:30–11:15","Espanol","ESP-ING-07"
"38","10","A","Mañana","Lunes","11:15–12:00","Ciencias Sociales","FLEX-03"
"38","10","A","Mañana","Martes","07:00–07:45","Matematicas","MAT-FIS-04"
"38","10","A","Mañana","Martes","07:45–08:30","Ciencias Sociales","FLEX-06"
"38","10","A","Mañana","Martes","08:30–09:15","Educacion Fisica","EDF-ETICA-04"
"38","10","A","Mañana","Martes","09:45–10:30","Etica","EDF-ETICA-01"
"38","10","A","Mañana","Martes","10:30–11:15","Informatica","FLEX-05"
"38","10","A","Mañana","Martes","11:15–12:00","Ingles","ESP-ING-06"
"38","10","A","Mañana","Miercoles","07:00–07:45","Espanol","ESP-ING-03"
"38","10","A","Mañana","Miercoles","07:45–08:30","Proyecto de vida","FLEX-02"
"38","10","A","Mañana","Miercoles","08:30–09:15","Quimica","CIENCIAS-01"
"38","10","A","Mañana","Miercoles","09:45–10:30","Biologia","CIENCIAS-03"
"38","10","A","Mañana","Miercoles","10:30–11:15","Fisica","MAT-FIS-05"
"38","10","A","Mañana","Miercoles","11:15–12:00","Matematicas","MAT-FIS-04"
"38","10","A","Mañana","Jueves","07:00–07:45","Fisica","MAT-FIS-03"
"38","10","A","Mañana","Jueves","07:45–08:30","Espanol","ESP-ING-03"
"38","10","A","Mañana","Jueves","08:30–09:15","Biologia","CIENCIAS-03"
"38","10","A","Mañana","Jueves","09:45–10:30","Quimica","CIENCIAS-02"
"38","10","A","Mañana","Jueves","10:30–11:15","Ingles","ESP-ING-06"
"38","10","A","Mañana","Jueves","11:15–12:00","Matematicas","MAT-FIS-03"
"38","10","A","Mañana","Viernes","07:00–07:45","Matematicas","MAT-FIS-03"
"38","10","A","Mañana","Viernes","07:45–08:30","Fisica","MAT-FIS-04"
"38","10","A","Mañana","Viernes","08:30–09:15","Informatica","FLEX-06"
"38","10","A","Mañana","Viernes","09:45–10:30","Quimica","CIENCIAS-05"
"38","10","A","Mañana","Viernes","10:30–11:15","Espanol","ESP-ING-04"
"38","10","A","Mañana","Viernes","11:15–12:00","Ciencias Sociales","FLEX-07"
"39","10","B","Mañana","Lunes","07:00–07:45","Informatica","FLEX-06"
"39","10","B","Mañana","Lunes","07:45–08:30","Ingles","ESP-ING-07"
"39","10","B","Mañana","Lunes","08:30–09:15","Educacion Fisica","EDF-ETICA-05"
"39","10","B","Mañana","Lunes","09:45–10:30","Matematicas","MAT-FIS-04"
"39","10","B","Mañana","Lunes","10:30–11:15","Espanol",""
"39","10","B","Mañana","Lunes","11:15–12:00","Ciencias Sociales","FLEX-04"
"39","10","B","Mañana","Martes","07:00–07:45","Fisica","MAT-FIS-01"
"39","10","B","Mañana","Martes","07:45–08:30","Biologia","CIENCIAS-01"
"39","10","B","Mañana","Martes","08:30–09:15","Quimica","CIENCIAS-01"
"39","10","B","Mañana","Martes","09:45–10:30","Matematicas","MAT-FIS-01"
"39","10","B","Mañana","Martes","10:30–11:15","Espanol","ESP-ING-02"
"39","10","B","Mañana","Martes","11:15–12:00","Ingles","ESP-ING-02"
"39","10","B","Mañana","Miercoles","07:00–07:45","Matematicas","MAT-FIS-06"
"39","10","B","Mañana","Miercoles","07:45–08:30","Biologia","CIENCIAS-05"
"39","10","B","Mañana","Miercoles","08:30–09:15","Ciencias Sociales","FLEX-07"
"39","10","B","Mañana","Miercoles","09:45–10:30","Ingles","ESP-ING-07"
"39","10","B","Mañana","Miercoles","10:30–11:15","Educacion Fisica","EDF-ETICA-05"
"39","10","B","Mañana","Miercoles","11:15–12:00","Etica","EDF-ETICA-02"
"39","10","B","Mañana","Jueves","07:00–07:45","Informatica","FLEX-05"
"39","10","B","Mañana","Jueves","07:45–08:30","Quimica","CIENCIAS-04"
"39","10","B","Mañana","Jueves","08:30–09:15","Espanol","ESP-ING-03"
"39","10","B","Mañana","Jueves","09:45–10:30","Fisica","MAT-FIS-02"
"39","10","B","Mañana","Jueves","10:30–11:15","Matematicas","MAT-FIS-02"
"39","10","B","Mañana","Jueves","11:15–12:00","Proyecto de vida","FLEX-04"
"39","10","B","Mañana","Viernes","07:00–07:45","Biologia","CIENCIAS-02"
"39","10","B","Mañana","Viernes","07:45–08:30","Ciencias Sociales","FLEX-04"
"39","10","B","Mañana","Viernes","08:30–09:15","Fisica","MAT-FIS-05"
"39","10","B","Mañana","Viernes","09:45–10:30","Matematicas","MAT-FIS-02"
"39","10","B","Mañana","Viernes","10:30–11:15","Espanol","ESP-ING-01"
"39","10","B","Mañana","Viernes","11:15–12:00","Quimica","CIENCIAS-05"
"40","10","C","Mañana","Lunes","07:00–07:45","Fisica","MAT-FIS-03"
"40","10","C","Mañana","Lunes","07:45–08:30","Ingles","ESP-ING-06"
"40","10","C","Mañana","Lunes","08:30–09:15","Espanol","ESP-ING-05"
"40","10","C","Mañana","Lunes","09:45–10:30","Quimica","CIENCIAS-01"
"40","10","C","Mañana","Lunes","10:30–11:15","Biologia","CIENCIAS-02"
"40","10","C","Mañana","Lunes","11:15–12:00","Matematicas","MAT-FIS-06"
"40","10","C","Mañana","Martes","07:00–07:45","Matematicas",""
"40","10","C","Mañana","Martes","07:45–08:30","Fisica",""
"40","10","C","Mañana","Martes","08:30–09:15","Espanol",""
"40","10","C","Mañana","Martes","09:45–10:30","Ciencias Sociales","FLEX-03"
"40","10","C","Mañana","Martes","10:30–11:15","Quimica","CIENCIAS-05"
"40","10","C","Mañana","Martes","11:15–12:00","Biologia","CIENCIAS-05"
"40","10","C","Mañana","Miercoles","07:00–07:45","Educacion Fisica","EDF-ETICA-01"
"40","10","C","Mañana","Miercoles","07:45–08:30","Matematicas","MAT-FIS-01"
"40","10","C","Mañana","Miercoles","08:30–09:15","Informatica","FLEX-01"
"40","10","C","Mañana","Miercoles","09:45–10:30","Espanol","ESP-ING-01"
"40","10","C","Mañana","Miercoles","10:30–11:15","Ciencias Sociales","FLEX-01"
"40","10","C","Mañana","Miercoles","11:15–12:00","Ingles","ESP-ING-04"
"40","10","C","Mañana","Jueves","07:00–07:45","Fisica","MAT-FIS-04"
"40","10","C","Mañana","Jueves","07:45–08:30","Matematicas","MAT-FIS-04"
"40","10","C","Mañana","Jueves","08:30–09:15","Proyecto de vida","FLEX-01"
"40","10","C","Mañana","Jueves","09:45–10:30","Informatica","FLEX-02"
"40","10","C","Mañana","Jueves","10:30–11:15","Etica","EDF-ETICA-03"
"40","10","C","Mañana","Jueves","11:15–12:00","Espanol","ESP-ING-05"
"40","10","C","Mañana","Viernes","07:00–07:45","Ciencias Sociales","FLEX-03"
"40","10","C","Mañana","Viernes","07:45–08:30","Ingles","ESP-ING-05"
"40","10","C","Mañana","Viernes","08:30–09:15","Biologia","CIENCIAS-05"
"40","10","C","Mañana","Viernes","09:45–10:30","Quimica","CIENCIAS-03"
"40","10","C","Mañana","Viernes","10:30–11:15","Educacion Fisica","EDF-ETICA-03"
"40","10","C","Mañana","Viernes","11:15–12:00","Matematicas","MAT-FIS-05"
"41","11","A","Mañana","Lunes","07:00–07:45","Biologia","CIENCIAS-01"
"41","11","A","Mañana","Lunes","07:45–08:30","Quimica","CIENCIAS-02"
"41","11","A","Mañana","Lunes","08:30–09:15","Fisica","MAT-FIS-02"
"41","11","A","Mañana","Lunes","09:45–10:30","Matematicas","MAT-FIS-01"
"41","11","A","Mañana","Lunes","10:30–11:15","Educacion Fisica","EDF-ETICA-02"
"41","11","A","Mañana","Lunes","11:15–12:00","Ingles","ESP-ING-05"
"41","11","A","Mañana","Martes","07:00–07:45","Quimica","CIENCIAS-05"
"41","11","A","Mañana","Martes","07:45–08:30","Biologia","CIENCIAS-05"
"41","11","A","Mañana","Martes","08:30–09:15","Matematicas","MAT-FIS-06"
"41","11","A","Mañana","Martes","09:45–10:30","Fisica","MAT-FIS-06"
"41","11","A","Mañana","Martes","10:30–11:15","Ingles",""
"41","11","A","Mañana","Martes","11:15–12:00","Espanol","ESP-ING-07"
"41","11","A","Mañana","Miercoles","07:00–07:45","Matematicas","MAT-FIS-05"
"41","11","A","Mañana","Miercoles","07:45–08:30","Fisica","MAT-FIS-05"
"41","11","A","Mañana","Miercoles","08:30–09:15","Espanol","ESP-ING-06"
"41","11","A","Mañana","Miercoles","09:45–10:30","Quimica","CIENCIAS-01"
"41","11","A","Mañana","Miercoles","10:30–11:15","Proyecto de vida",""
"41","11","A","Mañana","Miercoles","11:15–12:00","Informatica",""
"41","11","A","Mañana","Jueves","07:00–07:45","Matematicas","MAT-FIS-02"
"41","11","A","Mañana","Jueves","07:45–08:30","Ingles","ESP-ING-02"
"41","11","A","Mañana","Jueves","08:30–09:15","Educacion Fisica","EDF-ETICA-02"
"41","11","A","Mañana","Jueves","09:45–10:30","Filosofia","FLEX-01"
"41","11","A","Mañana","Jueves","10:30–11:15","Espanol","ESP-ING-05"
"41","11","A","Mañana","Jueves","11:15–12:00","Biologia","CIENCIAS-03"
"41","11","A","Mañana","Viernes","07:00–07:45","Matematicas","MAT-FIS-06"
"41","11","A","Mañana","Viernes","07:45–08:30","Etica","EDF-ETICA-03"
"41","11","A","Mañana","Viernes","08:30–09:15","Filosofia","FLEX-02"
"41","11","A","Mañana","Viernes","09:45–10:30","Proyecto de vida","FLEX-02"
"41","11","A","Mañana","Viernes","10:30–11:15","Informatica","FLEX-05"
"41","11","A","Mañana","Viernes","11:15–12:00","Espanol","ESP-ING-03"
"42","11","B","Mañana","Lunes","07:00–07:45","Etica","EDF-ETICA-04"
"42","11","B","Mañana","Lunes","07:45–08:30","Educacion Fisica","EDF-ETICA-04"
"42","11","B","Mañana","Lunes","08:30–09:15","Matematicas","MAT-FIS-04"
"42","11","B","Mañana","Lunes","09:45–10:30","Proyecto de vida","FLEX-06"
"42","11","B","Mañana","Lunes","10:30–11:15","Filosofia","FLEX-07"
"42","11","B","Mañana","Lunes","11:15–12:00","Informatica","FLEX-02"
"42","11","B","Mañana","Martes","07:00–07:45","Quimica","CIENCIAS-02"
"42","11","B","Mañana","Martes","07:45–08:30","Biologia","CIENCIAS-02"
"42","11","B","Mañana","Martes","08:30–09:15","Matematicas","MAT-FIS-02"
"42","11","B","Mañana","Martes","09:45–10:30","Fisica","MAT-FIS-02"
"42","11","B","Mañana","Martes","10:30–11:15","Ingles","ESP-ING-03"
"42","11","B","Mañana","Martes","11:15–12:00","Espanol","ESP-ING-03"
"42","11","B","Mañana","Miercoles","07:00–07:45","Quimica","CIENCIAS-02"
"42","11","B","Mañana","Miercoles","07:45–08:30","Biologia","CIENCIAS-02"
"42","11","B","Mañana","Miercoles","08:30–09:15","Fisica","MAT-FIS-01"
"42","11","B","Mañana","Miercoles","09:45–10:30","Matematicas","MAT-FIS-04"
"42","11","B","Mañana","Miercoles","10:30–11:15","Espanol","ESP-ING-02"
"42","11","B","Mañana","Miercoles","11:15–12:00","Ingles","ESP-ING-06"
"42","11","B","Mañana","Jueves","07:00–07:45","Espanol","ESP-ING-03"
"42","11","B","Mañana","Jueves","07:45–08:30","Informatica","FLEX-02"
"42","11","B","Mañana","Jueves","08:30–09:15","Fisica","MAT-FIS-03"
"42","11","B","Mañana","Jueves","09:45–10:30","Matematicas","MAT-FIS-03"
"42","11","B","Mañana","Jueves","10:30–11:15","Filosofia","FLEX-03"
"42","11","B","Mañana","Jueves","11:15–12:00","Proyecto de vida","FLEX-05"
"42","11","B","Mañana","Viernes","07:00–07:45","Matematicas","MAT-FIS-01"
"42","11","B","Mañana","Viernes","07:45–08:30","Ingles","ESP-ING-06"
"42","11","B","Mañana","Viernes","08:30–09:15","Espanol","ESP-ING-06"
"42","11","B","Mañana","Viernes","09:45–10:30","Educacion Fisica","EDF-ETICA-03"
"42","11","B","Mañana","Viernes","10:30–11:15","Quimica","CIENCIAS-02"
"42","11","B","Mañana","Viernes","11:15–12:00","Biologia","CIENCIAS-01"
